time,price
2010-07-18 00:00:00+00:00,0.08584
2010-07-19 00:00:00+00:00,0.0808
2010-07-20 00:00:00+00:00,0.0747357288135593
2010-07-21 00:00:00+00:00,0.0791928626534191
2010-07-22 00:00:00+00:00,0.0584697603740503
2010-07-23 00:00:00+00:00,0.0605928696668615
2010-07-24 00:00:00+00:00,0.05454
2010-07-25 00:00:00+00:00,0.050540618351841
2010-07-26 00:00:00+00:00,0.056
2010-07-27 00:00:00+00:00,0.058622016364699
2010-07-28 00:00:00+00:00,0.0589110987726476
2010-07-29 00:00:00+00:00,0.0699
2010-07-30 00:00:00+00:00,0.064657381648159
2010-07-31 00:00:00+00:00,0.0675457989479836
2010-08-01 00:00:00+00:00,0.0611
2010-08-02 00:00:00+00:00,0.06
2010-08-03 00:00:00+00:00,0.0600121507890123
2010-08-04 00:00:00+00:00,0.0570157802454705
2010-08-05 00:00:00+00:00,0.061
2010-08-06 00:00:00+00:00,0.0616713150204559
2010-08-07 00:00:00+00:00,0.0590039450613676
2010-08-08 00:00:00+00:00,0.0609
2010-08-09 00:00:00+00:00,0.0704
2010-08-10 00:00:00+00:00,0.0693387288135593
2010-08-11 00:00:00+00:00,0.067
2010-08-12 00:00:00+00:00,0.07
2010-08-13 00:00:00+00:00,0.0645
2010-08-14 00:00:00+00:00,0.0669964336645237
2010-08-15 00:00:00+00:00,0.0651179322033898
2010-08-16 00:00:00+00:00,0.0655
2010-08-17 00:00:00+00:00,0.07
2010-08-18 00:00:00+00:00,0.068
2010-08-19 00:00:00+00:00,0.0667
2010-08-20 00:00:00+00:00,0.0655
2010-08-21 00:00:00+00:00,0.0664
2010-08-22 00:00:00+00:00,0.0659289888953828
2010-08-23 00:00:00+00:00,0.06491
2010-08-24 00:00:00+00:00,0.065
2010-08-25 00:00:00+00:00,0.0648
2010-08-26 00:00:00+00:00,0.0640751139684395
2010-08-27 00:00:00+00:00,0.065
2010-08-28 00:00:00+00:00,0.0646
2010-08-29 00:00:00+00:00,0.064
2010-08-30 00:00:00+00:00,0.06497
2010-08-31 00:00:00+00:00,0.06
2010-09-01 00:00:00+00:00,0.0620248275862069
2010-09-02 00:00:00+00:00,0.0634
2010-09-03 00:00:00+00:00,0.06085
2010-09-04 00:00:00+00:00,0.062178275862069
2010-09-05 00:00:00+00:00,0.06165
2010-09-06 00:00:00+00:00,0.0616
2010-09-07 00:00:00+00:00,0.0612391180596142
2010-09-08 00:00:00+00:00,0.061
2010-09-09 00:00:00+00:00,0.0611149707773232
2010-09-10 00:00:00+00:00,0.0610115242548218
2010-09-11 00:00:00+00:00,0.0636208649912332
2010-09-12 00:00:00+00:00,0.0615
2010-09-13 00:00:00+00:00,0.06218
2010-09-14 00:00:00+00:00,0.06199
2010-09-15 00:00:00+00:00,0.0604
2010-09-16 00:00:00+00:00,0.0619
2010-09-17 00:00:00+00:00,0.0600005260081823
2010-09-18 00:00:00+00:00,0.061
2010-09-19 00:00:00+00:00,0.0627
2010-09-20 00:00:00+00:00,0.0621017358270018
2010-09-21 00:00:00+00:00,0.06265
2010-09-22 00:00:00+00:00,0.061881870251315
2010-09-23 00:00:00+00:00,0.062153512565751
2010-09-24 00:00:00+00:00,0.0622
2010-09-25 00:00:00+00:00,0.06202
2010-09-26 00:00:00+00:00,0.062
2010-09-27 00:00:00+00:00,0.0622004418468732
2010-09-28 00:00:00+00:00,0.0619038977206312
2010-09-29 00:00:00+00:00,0.06191
2010-09-30 00:00:00+00:00,0.0619
2010-10-01 00:00:00+00:00,0.0619733138515488
2010-10-02 00:00:00+00:00,0.0614
2010-10-03 00:00:00+00:00,0.0610648684979544
2010-10-04 00:00:00+00:00,0.0612944769140853
2010-10-05 00:00:00+00:00,0.0614
2010-10-06 00:00:00+00:00,0.06281
2010-10-07 00:00:00+00:00,0.067
2010-10-08 00:00:00+00:00,0.0844531081239041
2010-10-09 00:00:00+00:00,0.0938
2010-10-10 00:00:00+00:00,0.0971462010520164
2010-10-11 00:00:00+00:00,0.095
2010-10-12 00:00:00+00:00,0.0949
2010-10-13 00:00:00+00:00,0.104865589129164
2010-10-14 00:00:00+00:00,0.102
2010-10-15 00:00:00+00:00,0.105
2010-10-16 00:00:00+00:00,0.101
2010-10-17 00:00:00+00:00,0.102
2010-10-18 00:00:00+00:00,0.1024
2010-10-19 00:00:00+00:00,0.0975448918760959
2010-10-20 00:00:00+00:00,0.099
2010-10-21 00:00:00+00:00,0.107
2010-10-22 00:00:00+00:00,0.1025
2010-10-23 00:00:00+00:00,0.104556424313267
2010-10-24 00:00:00+00:00,0.11501
2010-10-25 00:00:00+00:00,0.139118552893045
2010-10-26 00:00:00+00:00,0.151
2010-10-27 00:00:00+00:00,0.1877
2010-10-28 00:00:00+00:00,0.1731
2010-10-29 00:00:00+00:00,0.19
2010-10-30 00:00:00+00:00,0.197610543541789
2010-10-31 00:00:00+00:00,0.1925
2010-11-01 00:00:00+00:00,0.194525061367621
2010-11-02 00:00:00+00:00,0.1938
2010-11-03 00:00:00+00:00,0.1931
2010-11-04 00:00:00+00:00,0.229275160724722
2010-11-05 00:00:00+00:00,0.259112413793104
2010-11-06 00:00:00+00:00,0.400982302746932
2010-11-07 00:00:00+00:00,0.34
2010-11-08 00:00:00+00:00,0.243184628872005
2010-11-09 00:00:00+00:00,0.217272694330801
2010-11-10 00:00:00+00:00,0.229549731151373
2010-11-11 00:00:00+00:00,0.2231
2010-11-12 00:00:00+00:00,0.2682
2010-11-13 00:00:00+00:00,0.276
2010-11-14 00:00:00+00:00,0.27904
2010-11-15 00:00:00+00:00,0.268464555815313
2010-11-16 00:00:00+00:00,0.225
2010-11-17 00:00:00+00:00,0.241939333722969
2010-11-18 00:00:00+00:00,0.269057790765634
2010-11-19 00:00:00+00:00,0.27829
2010-11-20 00:00:00+00:00,0.283015964932788
2010-11-21 00:00:00+00:00,0.27675
2010-11-22 00:00:00+00:00,0.285
2010-11-23 00:00:00+00:00,0.28295
2010-11-24 00:00:00+00:00,0.282905736411455
2010-11-25 00:00:00+00:00,0.28
2010-11-26 00:00:00+00:00,0.2844
2010-11-27 00:00:00+00:00,0.283
2010-11-28 00:00:00+00:00,0.271358679135009
2010-11-29 00:00:00+00:00,0.230559456458212
2010-11-30 00:00:00+00:00,0.2082
2010-12-01 00:00:00+00:00,0.2275
2010-12-02 00:00:00+00:00,0.255
2010-12-03 00:00:00+00:00,0.251060083576856
2010-12-04 00:00:00+00:00,0.205000526008182
2010-12-05 00:00:00+00:00,0.202850017533606
2010-12-06 00:00:00+00:00,0.204
2010-12-07 00:00:00+00:00,0.233420385739334
2010-12-08 00:00:00+00:00,0.2388
2010-12-09 00:00:00+00:00,0.199991694330801
2010-12-10 00:00:00+00:00,0.204
2010-12-11 00:00:00+00:00,0.228
2010-12-12 00:00:00+00:00,0.219853611922852
2010-12-13 00:00:00+00:00,0.227605236703682
2010-12-14 00:00:00+00:00,0.24669
2010-12-15 00:00:00+00:00,0.24
2010-12-16 00:00:00+00:00,0.24996
2010-12-17 00:00:00+00:00,0.242655815312683
2010-12-18 00:00:00+00:00,0.241
2010-12-19 00:00:00+00:00,0.2401
2010-12-20 00:00:00+00:00,0.267
2010-12-21 00:00:00+00:00,0.241436002337814
2010-12-22 00:00:00+00:00,0.25
2010-12-23 00:00:00+00:00,0.249970127995324
2010-12-24 00:00:00+00:00,0.248
2010-12-25 00:00:00+00:00,0.2499
2010-12-26 00:00:00+00:00,0.264962127410871
2010-12-27 00:00:00+00:00,0.264785388661601
2010-12-28 00:00:00+00:00,0.281
2010-12-29 00:00:00+00:00,0.3
2010-12-30 00:00:00+00:00,0.3
2010-12-31 00:00:00+00:00,0.3
2011-01-01 00:00:00+00:00,0.3
2011-01-02 00:00:00+00:00,0.29997
2011-01-03 00:00:00+00:00,0.295
2011-01-04 00:00:00+00:00,0.29895
2011-01-05 00:00:00+00:00,0.298916302162478
2011-01-06 00:00:00+00:00,0.298
2011-01-07 00:00:00+00:00,0.32
2011-01-08 00:00:00+00:00,0.3229
2011-01-09 00:00:00+00:00,0.323
2011-01-10 00:00:00+00:00,0.32659
2011-01-11 00:00:00+00:00,0.32659
2011-01-12 00:00:00+00:00,0.318799621274109
2011-01-13 00:00:00+00:00,0.3176
2011-01-14 00:00:00+00:00,0.399990005844535
2011-01-15 00:00:00+00:00,0.386
2011-01-16 00:00:00+00:00,0.38679
2011-01-17 00:00:00+00:00,0.3495
2011-01-18 00:00:00+00:00,0.31299
2011-01-19 00:00:00+00:00,0.31299
2011-01-20 00:00:00+00:00,0.39
2011-01-21 00:00:00+00:00,0.41991
2011-01-22 00:00:00+00:00,0.44003552893045
2011-01-23 00:00:00+00:00,0.4424
2011-01-24 00:00:00+00:00,0.4199
2011-01-25 00:00:00+00:00,0.41
2011-01-26 00:00:00+00:00,0.415085129748685
2011-01-27 00:00:00+00:00,0.4212
2011-01-28 00:00:00+00:00,0.444484044418469
2011-01-29 00:00:00+00:00,0.439
2011-01-30 00:00:00+00:00,0.477142033898305
2011-01-31 00:00:00+00:00,0.525136870251315
2011-02-01 00:00:00+00:00,0.707510116890707
2011-02-02 00:00:00+00:00,0.725434821741671
2011-02-03 00:00:00+00:00,0.693898367621274
2011-02-04 00:00:00+00:00,0.810958971361777
2011-02-05 00:00:00+00:00,0.911671477498539
2011-02-06 00:00:00+00:00,0.898
2011-02-07 00:00:00+00:00,0.889421369959088
2011-02-08 00:00:00+00:00,0.918
2011-02-09 00:00:00+00:00,1.01605024547049
2011-02-10 00:00:00+00:00,0.979652963179427
2011-02-11 00:00:00+00:00,1.05406945353594
2011-02-12 00:00:00+00:00,1.07870328404442
2011-02-13 00:00:00+00:00,1.05
2011-02-14 00:00:00+00:00,1.07001262419638
2011-02-15 00:00:00+00:00,1.05
2011-02-16 00:00:00+00:00,1.031687628872
2011-02-17 00:00:00+00:00,1.0399231975453
2011-02-18 00:00:00+00:00,0.898955914669784
2011-02-19 00:00:00+00:00,0.944028116890707
2011-02-20 00:00:00+00:00,0.865
2011-02-21 00:00:00+00:00,0.835747428404442
2011-02-22 00:00:00+00:00,0.877041779661017
2011-02-23 00:00:00+00:00,0.9
2011-02-24 00:00:00+00:00,0.989095265926359
2011-02-25 00:00:00+00:00,0.914652001753361
2011-02-26 00:00:00+00:00,0.958
2011-02-27 00:00:00+00:00,0.895033114552893
2011-02-28 00:00:00+00:00,0.860220923436587
2011-03-01 00:00:00+00:00,0.921096891876096
2011-03-02 00:00:00+00:00,0.9399
2011-03-03 00:00:00+00:00,0.939073383401519
2011-03-04 00:00:00+00:00,0.9011
2011-03-05 00:00:00+00:00,0.90784060666277
2011-03-06 00:00:00+00:00,0.884770973115138
2011-03-07 00:00:00+00:00,0.877583864406779
2011-03-08 00:00:00+00:00,0.866071591466979
2011-03-09 00:00:00+00:00,0.86
2011-03-10 00:00:00+00:00,0.920670309760374
2011-03-11 00:00:00+00:00,0.88
2011-03-12 00:00:00+00:00,0.917815513150205
2011-03-13 00:00:00+00:00,0.89249
2011-03-14 00:00:00+00:00,0.893924922852133
2011-03-15 00:00:00+00:00,0.87224
2011-03-16 00:00:00+00:00,0.851211665692578
2011-03-17 00:00:00+00:00,0.82542
2011-03-18 00:00:00+00:00,0.801959208065459
2011-03-19 00:00:00+00:00,0.765
2011-03-20 00:00:00+00:00,0.7415
2011-03-21 00:00:00+00:00,0.75897
2011-03-22 00:00:00+00:00,0.809130292811222
2011-03-23 00:00:00+00:00,0.84971
2011-03-24 00:00:00+00:00,0.872374365867914
2011-03-25 00:00:00+00:00,0.88377
2011-03-26 00:00:00+00:00,0.8552
2011-03-27 00:00:00+00:00,0.822
2011-03-28 00:00:00+00:00,0.794740500292227
2011-03-29 00:00:00+00:00,0.792509941554646
2011-03-30 00:00:00+00:00,0.789706312098189
2011-03-31 00:00:00+00:00,0.78461
2011-04-01 00:00:00+00:00,0.77411
2011-04-02 00:00:00+00:00,0.78199
2011-04-03 00:00:00+00:00,0.779
2011-04-04 00:00:00+00:00,0.68
2011-04-05 00:00:00+00:00,0.715691834599649
2011-04-06 00:00:00+00:00,0.74
2011-04-07 00:00:00+00:00,0.7538
2011-04-08 00:00:00+00:00,0.74999
2011-04-09 00:00:00+00:00,0.734060517241379
2011-04-10 00:00:00+00:00,0.733156820572765
2011-04-11 00:00:00+00:00,0.770113933372297
2011-04-12 00:00:00+00:00,0.861381607831677
2011-04-13 00:00:00+00:00,0.930320058445353
2011-04-14 00:00:00+00:00,0.998629766218586
2011-04-15 00:00:00+00:00,0.983673136762127
2011-04-16 00:00:00+00:00,1.04663285797779
2011-04-17 00:00:00+00:00,1.09812209789597
2011-04-18 00:00:00+00:00,1.14943331151373
2011-04-19 00:00:00+00:00,1.18516222092344
2011-04-20 00:00:00+00:00,1.14212598480421
2011-04-21 00:00:00+00:00,1.20733887200468
2011-04-22 00:00:00+00:00,1.40450508182349
2011-04-23 00:00:00+00:00,1.82885230099357
2011-04-24 00:00:00+00:00,1.63198421975453
2011-04-25 00:00:00+00:00,1.56448363530099
2011-04-26 00:00:00+00:00,1.77084089012274
2011-04-27 00:00:00+00:00,1.9031759585038
2011-04-28 00:00:00+00:00,2.28574446580947
2011-04-29 00:00:00+00:00,2.85060509000585
2011-04-30 00:00:00+00:00,3.5
2011-05-01 00:00:00+00:00,3.0942275534775
2011-05-02 00:00:00+00:00,3.2
2011-05-03 00:00:00+00:00,3.36058570368206
2011-05-04 00:00:00+00:00,3.40867304734074
2011-05-05 00:00:00+00:00,3.34373668439509
2011-05-06 00:00:00+00:00,3.45507558445354
2011-05-07 00:00:00+00:00,3.64126297779077
2011-05-08 00:00:00+00:00,3.84866837697253
2011-05-09 00:00:00+00:00,3.80408958211572
2011-05-10 00:00:00+00:00,5.65166700233781
2011-05-11 00:00:00+00:00,5.43975104383402
2011-05-12 00:00:00+00:00,6.3348786943308
2011-05-13 00:00:00+00:00,8.13903486732905
2011-05-14 00:00:00+00:00,7.00724382933957
2011-05-15 00:00:00+00:00,6.92492484453536
2011-05-16 00:00:00+00:00,7.88514074517826
2011-05-17 00:00:00+00:00,7.25719954061952
2011-05-18 00:00:00+00:00,6.76316336236119
2011-05-19 00:00:00+00:00,6.89014363237873
2011-05-20 00:00:00+00:00,5.61809621858562
2011-05-21 00:00:00+00:00,6.08480066744594
2011-05-22 00:00:00+00:00,6.71195603974284
2011-05-23 00:00:00+00:00,7.06525678375219
2011-05-24 00:00:00+00:00,7.40266058211573
2011-05-25 00:00:00+00:00,8.56928963705436
2011-05-26 00:00:00+00:00,8.78215543424898
2011-05-27 00:00:00+00:00,8.52865846814728
2011-05-28 00:00:00+00:00,8.34926911981298
2011-05-29 00:00:00+00:00,8.40095347223846
2011-05-30 00:00:00+00:00,8.77934246464056
2011-05-31 00:00:00+00:00,8.72157642197545
2011-06-01 00:00:00+00:00,9.62377723202805
2011-06-02 00:00:00+00:00,10.7027602279369
2011-06-03 00:00:00+00:00,14.2646467738165
2011-06-04 00:00:00+00:00,18.3127387258913
2011-06-05 00:00:00+00:00,16.5433423962595
2011-06-06 00:00:00+00:00,18.4020986440678
2011-06-07 00:00:00+00:00,23.2378784628872
2011-06-08 00:00:00+00:00,29.0299213267095
2011-06-09 00:00:00+00:00,28.7905440181181
2011-06-10 00:00:00+00:00,24.0493992285213
2011-06-11 00:00:00+00:00,14.7497466277031
2011-06-12 00:00:00+00:00,18.8501447311514
2011-06-13 00:00:00+00:00,19.5423291145529
2011-06-14 00:00:00+00:00,19.2577355055523
2011-06-15 00:00:00+00:00,19.4641426241964
2011-06-16 00:00:00+00:00,17.9293625423729
2011-06-17 00:00:00+00:00,15.4363689129164
2011-06-18 00:00:00+00:00,16.8754045353594
2011-06-19 00:00:00+00:00,17.5107167913501
2011-06-20 00:00:00+00:00,17.5107167913501
2011-06-21 00:00:00+00:00,17.5107167913501
2011-06-22 00:00:00+00:00,17.5107167913501
2011-06-23 00:00:00+00:00,17.5107167913501
2011-06-24 00:00:00+00:00,17.5107167913501
2011-06-25 00:00:00+00:00,17.5107167913501
2011-06-26 00:00:00+00:00,16.3613420157802
2011-06-27 00:00:00+00:00,16.7522858132671
2011-06-28 00:00:00+00:00,16.9618353071303
2011-06-29 00:00:00+00:00,16.8545683179427
2011-06-30 00:00:00+00:00,16.1852627808299
2011-07-01 00:00:00+00:00,15.4203573991818
2011-07-02 00:00:00+00:00,15.38284406955
2011-07-03 00:00:00+00:00,15.4575505604909
2011-07-04 00:00:00+00:00,13.8527968123904
2011-07-05 00:00:00+00:00,12.9648177147867
2011-07-06 00:00:00+00:00,14.7147835832846
2011-07-07 00:00:00+00:00,14.7972891613092
2011-07-08 00:00:00+00:00,14.2990376969608
2011-07-09 00:00:00+00:00,14.3815006697838
2011-07-10 00:00:00+00:00,14.6229375511397
2011-07-11 00:00:00+00:00,14.3101554330801
2011-07-12 00:00:00+00:00,14.0212726215663
2011-07-13 00:00:00+00:00,13.9714545225015
2011-07-14 00:00:00+00:00,13.997974547633
2011-07-15 00:00:00+00:00,13.8063904056108
2011-07-16 00:00:00+00:00,13.7130792992402
2011-07-17 00:00:00+00:00,13.2581353109293
2011-07-18 00:00:00+00:00,13.6305212504383
2011-07-19 00:00:00+00:00,13.8247948386908
2011-07-20 00:00:00+00:00,13.6783305920514
2011-07-21 00:00:00+00:00,13.6118084418469
2011-07-22 00:00:00+00:00,13.6985473310929
2011-07-23 00:00:00+00:00,13.6817183424898
2011-07-24 00:00:00+00:00,13.992515176505
2011-07-25 00:00:00+00:00,14.0334253787259
2011-07-26 00:00:00+00:00,13.8780323232028
2011-07-27 00:00:00+00:00,13.878224755114
2011-07-28 00:00:00+00:00,13.4915910756867
2011-07-29 00:00:00+00:00,13.5123163901227
2011-07-30 00:00:00+00:00,13.5402806738749
2011-07-31 00:00:00+00:00,13.3729061022794
2011-08-01 00:00:00+00:00,13.0191138468732
2011-08-02 00:00:00+00:00,12.2141564389246
2011-08-03 00:00:00+00:00,9.28635691350088
2011-08-04 00:00:00+00:00,10.7685037481005
2011-08-05 00:00:00+00:00,9.73015395967271
2011-08-06 00:00:00+00:00,6.964169735827
2011-08-07 00:00:00+00:00,8.50179329222677
2011-08-08 00:00:00+00:00,7.77533763793104
2011-08-09 00:00:00+00:00,9.80249948100526
2011-08-10 00:00:00+00:00,10.0512531274109
2011-08-11 00:00:00+00:00,9.43841299473992
2011-08-12 00:00:00+00:00,9.45299328521333
2011-08-13 00:00:00+00:00,10.0040247445938
2011-08-14 00:00:00+00:00,10.8068207665108
2011-08-15 00:00:00+00:00,11.1306965499708
2011-08-16 00:00:00+00:00,10.9919655669199
2011-08-17 00:00:00+00:00,10.9639640561075
2011-08-18 00:00:00+00:00,10.8584714558738
2011-08-19 00:00:00+00:00,11.6704730432496
2011-08-20 00:00:00+00:00,11.4597317393337
2011-08-21 00:00:00+00:00,11.3544813407364
2011-08-22 00:00:00+00:00,10.9208958246639
2011-08-23 00:00:00+00:00,10.9172450543542
2011-08-24 00:00:00+00:00,10.870444289889
2011-08-25 00:00:00+00:00,9.5460936735827
2011-08-26 00:00:00+00:00,8.12692016306254
2011-08-27 00:00:00+00:00,8.59649760666277
2011-08-28 00:00:00+00:00,9.03086639976622
2011-08-29 00:00:00+00:00,8.96115727060199
2011-08-30 00:00:00+00:00,8.80994873816481
2011-08-31 00:00:00+00:00,8.19915176446523
2011-09-01 00:00:00+00:00,8.23428166510813
2011-09-02 00:00:00+00:00,8.6214244377557
2011-09-03 00:00:00+00:00,8.44965344067796
2011-09-04 00:00:00+00:00,8.20347060227937
2011-09-05 00:00:00+00:00,7.5973325251315
2011-09-06 00:00:00+00:00,6.84653002893045
2011-09-07 00:00:00+00:00,7.16297027352426
2011-09-08 00:00:00+00:00,6.67818000029223
2011-09-09 00:00:00+00:00,4.98677704178843
2011-09-10 00:00:00+00:00,4.74284665517242
2011-09-11 00:00:00+00:00,5.85290397253068
2011-09-12 00:00:00+00:00,6.09062947223846
2011-09-13 00:00:00+00:00,5.80252327703098
2011-09-14 00:00:00+00:00,5.59743261016949
2011-09-15 00:00:00+00:00,4.86775518468732
2011-09-16 00:00:00+00:00,4.83116810052601
2011-09-17 00:00:00+00:00,4.775285635301
2011-09-18 00:00:00+00:00,5.23673227819988
2011-09-19 00:00:00+00:00,5.52037669199299
2011-09-20 00:00:00+00:00,6.14666555172414
2011-09-21 00:00:00+00:00,5.59706749795441
2011-09-22 00:00:00+00:00,5.47504877673875
2011-09-23 00:00:00+00:00,5.56342141963764
2011-09-24 00:00:00+00:00,5.45788968731736
2011-09-25 00:00:00+00:00,5.34115488135593
2011-09-26 00:00:00+00:00,4.87382608123904
2011-09-27 00:00:00+00:00,4.91115779251899
2011-09-28 00:00:00+00:00,4.76341532144945
2011-09-29 00:00:00+00:00,4.77766097837522
2011-09-30 00:00:00+00:00,5.14368590999416
2011-10-01 00:00:00+00:00,5.03407054471069
2011-10-02 00:00:00+00:00,5.00706259672706
2011-10-03 00:00:00+00:00,5.02284486031561
2011-10-04 00:00:00+00:00,4.95680562068966
2011-10-05 00:00:00+00:00,4.88506713091759
2011-10-06 00:00:00+00:00,4.73016629573349
2011-10-07 00:00:00+00:00,4.27603575686733
2011-10-08 00:00:00+00:00,3.98125299415546
2011-10-09 00:00:00+00:00,4.11163464348334
2011-10-10 00:00:00+00:00,4.07496248392753
2011-10-11 00:00:00+00:00,4.00892449590883
2011-10-12 00:00:00+00:00,4.16623534248977
2011-10-13 00:00:00+00:00,4.03698109000584
2011-10-14 00:00:00+00:00,3.98628088544711
2011-10-15 00:00:00+00:00,3.83733856049094
2011-10-16 00:00:00+00:00,3.60974171654003
2011-10-17 00:00:00+00:00,2.58124672180012
2011-10-18 00:00:00+00:00,2.42227473816482
2011-10-19 00:00:00+00:00,2.21725471303331
2011-10-20 00:00:00+00:00,2.35612350847458
2011-10-21 00:00:00+00:00,2.57009230508475
2011-10-22 00:00:00+00:00,3.15548613851549
2011-10-23 00:00:00+00:00,3.14775092986558
2011-10-24 00:00:00+00:00,2.52293599766219
2011-10-25 00:00:00+00:00,2.80192383109293
2011-10-26 00:00:00+00:00,2.7775052390415
2011-10-27 00:00:00+00:00,3.04540782758621
2011-10-28 00:00:00+00:00,3.17963943658679
2011-10-29 00:00:00+00:00,3.56918896873174
2011-10-30 00:00:00+00:00,3.25740372296902
2011-10-31 00:00:00+00:00,3.26509821274109
2011-11-01 00:00:00+00:00,3.17100774284044
2011-11-02 00:00:00+00:00,3.2558005666277
2011-11-03 00:00:00+00:00,3.16831638515488
2011-11-04 00:00:00+00:00,3.12011817182934
2011-11-05 00:00:00+00:00,2.97781759789597
2011-11-06 00:00:00+00:00,2.96272057685564
2011-11-07 00:00:00+00:00,3.01775768731736
2011-11-08 00:00:00+00:00,3.05656711104617
2011-11-09 00:00:00+00:00,2.9195672238457
2011-11-10 00:00:00+00:00,2.85670208533022
2011-11-11 00:00:00+00:00,3.06786173348919
2011-11-12 00:00:00+00:00,3.02552299590883
2011-11-13 00:00:00+00:00,2.98637330333139
2011-11-14 00:00:00+00:00,2.22422446434833
2011-11-15 00:00:00+00:00,2.3223841157218
2011-11-16 00:00:00+00:00,2.54678093074226
2011-11-17 00:00:00+00:00,2.27909583576856
2011-11-18 00:00:00+00:00,2.10506600321449
2011-11-19 00:00:00+00:00,2.20345672180012
2011-11-20 00:00:00+00:00,2.20198950964348
2011-11-21 00:00:00+00:00,2.27987916540035
2011-11-22 00:00:00+00:00,2.32245859614261
2011-11-23 00:00:00+00:00,2.33032356750438
2011-11-24 00:00:00+00:00,2.43887900029223
2011-11-25 00:00:00+00:00,2.49616100292227
2011-11-26 00:00:00+00:00,2.47179996902396
2011-11-27 00:00:00+00:00,2.47756495119813
2011-11-28 00:00:00+00:00,2.5412402521917
2011-11-29 00:00:00+00:00,2.75769848275862
2011-11-30 00:00:00+00:00,2.9660415458796
2011-12-01 00:00:00+00:00,3.08258945002922
2011-12-02 00:00:00+00:00,3.10040233313852
2011-12-03 00:00:00+00:00,2.80385618527177
2011-12-04 00:00:00+00:00,2.81969397603741
2011-12-05 00:00:00+00:00,2.87479622735242
2011-12-06 00:00:00+00:00,3.02536045149036
2011-12-07 00:00:00+00:00,2.98550242109877
2011-12-08 00:00:00+00:00,2.99188048305085
2011-12-09 00:00:00+00:00,2.95579195207481
2011-12-10 00:00:00+00:00,3.06897526709527
2011-12-11 00:00:00+00:00,3.2492688471654
2011-12-12 00:00:00+00:00,3.18733535651666
2011-12-13 00:00:00+00:00,3.24108840853302
2011-12-14 00:00:00+00:00,3.1550865043834
2011-12-15 00:00:00+00:00,3.20313854061952
2011-12-16 00:00:00+00:00,3.2091377773232
2011-12-17 00:00:00+00:00,3.19254170426651
2011-12-18 00:00:00+00:00,3.19401080888369
2011-12-19 00:00:00+00:00,3.52577391934541
2011-12-20 00:00:00+00:00,3.95255082729398
2011-12-21 00:00:00+00:00,3.88899325073057
2011-12-22 00:00:00+00:00,3.90306042051432
2011-12-23 00:00:00+00:00,3.93796507597896
2011-12-24 00:00:00+00:00,3.93941911864407
2011-12-25 00:00:00+00:00,4.23386687784921
2011-12-26 00:00:00+00:00,3.99912196405611
2011-12-27 00:00:00+00:00,4.0955185458796
2011-12-28 00:00:00+00:00,4.20729587609585
2011-12-29 00:00:00+00:00,4.17335222676797
2011-12-30 00:00:00+00:00,4.31063509000584
2011-12-31 00:00:00+00:00,4.71430633138515
2012-01-01 00:00:00+00:00,5.2948427773232
2012-01-02 00:00:00+00:00,5.2048778918761
2012-01-03 00:00:00+00:00,4.87050882875511
2012-01-04 00:00:00+00:00,5.58570626709527
2012-01-05 00:00:00+00:00,6.87400087726476
2012-01-06 00:00:00+00:00,6.68331663997662
2012-01-07 00:00:00+00:00,6.79622798071303
2012-01-08 00:00:00+00:00,7.09665056633548
2012-01-09 00:00:00+00:00,6.28853834248977
2012-01-10 00:00:00+00:00,6.52847455523086
2012-01-11 00:00:00+00:00,6.88912772121566
2012-01-12 00:00:00+00:00,6.77356419579194
2012-01-13 00:00:00+00:00,6.45436889012273
2012-01-14 00:00:00+00:00,6.76172714260666
2012-01-15 00:00:00+00:00,7.04692255815312
2012-01-16 00:00:00+00:00,6.71560766656926
2012-01-17 00:00:00+00:00,5.59962195032145
2012-01-18 00:00:00+00:00,5.9002312881356
2012-01-19 00:00:00+00:00,6.31570634161309
2012-01-20 00:00:00+00:00,6.50149198831093
2012-01-21 00:00:00+00:00,6.18056832554062
2012-01-22 00:00:00+00:00,6.30296722676797
2012-01-23 00:00:00+00:00,6.37487607714787
2012-01-24 00:00:00+00:00,6.27447647574518
2012-01-25 00:00:00+00:00,5.81046507247224
2012-01-26 00:00:00+00:00,5.36722695441262
2012-01-27 00:00:00+00:00,5.30313719696084
2012-01-28 00:00:00+00:00,5.65979677498539
2012-01-29 00:00:00+00:00,5.39142945733489
2012-01-30 00:00:00+00:00,5.50348193863238
2012-01-31 00:00:00+00:00,5.53822029573349
2012-02-01 00:00:00+00:00,6.07523265225015
2012-02-02 00:00:00+00:00,6.09957291291642
2012-02-03 00:00:00+00:00,5.95161092752776
2012-02-04 00:00:00+00:00,5.8954132390415
2012-02-05 00:00:00+00:00,5.67811571712449
2012-02-06 00:00:00+00:00,5.48266405844535
2012-02-07 00:00:00+00:00,5.66202770017534
2012-02-08 00:00:00+00:00,5.6185281899474
2012-02-09 00:00:00+00:00,5.83569985417884
2012-02-10 00:00:00+00:00,5.93783415546464
2012-02-11 00:00:00+00:00,5.61213285330216
2012-02-12 00:00:00+00:00,5.51909716949152
2012-02-13 00:00:00+00:00,5.34835455932203
2012-02-14 00:00:00+00:00,4.48365409175921
2012-02-15 00:00:00+00:00,4.3255203220339
2012-02-16 00:00:00+00:00,4.25523904500292
2012-02-17 00:00:00+00:00,4.39153837288136
2012-02-18 00:00:00+00:00,4.27008127761543
2012-02-19 00:00:00+00:00,4.38955145821157
2012-02-20 00:00:00+00:00,4.36513593892461
2012-02-21 00:00:00+00:00,4.31511560198714
2012-02-22 00:00:00+00:00,4.41931028755114
2012-02-23 00:00:00+00:00,5.03951511805961
2012-02-24 00:00:00+00:00,5.02560875891292
2012-02-25 00:00:00+00:00,4.77256738106371
2012-02-26 00:00:00+00:00,4.9264208515488
2012-02-27 00:00:00+00:00,4.95251575628287
2012-02-28 00:00:00+00:00,4.85725777556984
2012-02-29 00:00:00+00:00,4.87274875569842
2012-03-01 00:00:00+00:00,4.92207212361192
2012-03-02 00:00:00+00:00,4.71482358708358
2012-03-03 00:00:00+00:00,4.62819325248393
2012-03-04 00:00:00+00:00,4.83414448158971
2012-03-05 00:00:00+00:00,4.98239290385739
2012-03-06 00:00:00+00:00,4.98784135242548
2012-03-07 00:00:00+00:00,4.94911288457043
2012-03-08 00:00:00+00:00,4.93497949503214
2012-03-09 00:00:00+00:00,4.87229784745763
2012-03-10 00:00:00+00:00,4.84142380479252
2012-03-11 00:00:00+00:00,4.89202875160724
2012-03-12 00:00:00+00:00,4.91083937931035
2012-03-13 00:00:00+00:00,5.29088027878434
2012-03-14 00:00:00+00:00,5.39054329222677
2012-03-15 00:00:00+00:00,5.34082089888954
2012-03-16 00:00:00+00:00,5.33957479135009
2012-03-17 00:00:00+00:00,5.23600355406195
2012-03-18 00:00:00+00:00,5.27014898538866
2012-03-19 00:00:00+00:00,4.67867255289305
2012-03-20 00:00:00+00:00,4.83083021624781
2012-03-21 00:00:00+00:00,4.81722952483928
2012-03-22 00:00:00+00:00,4.72960850496785
2012-03-23 00:00:00+00:00,4.69164317650497
2012-03-24 00:00:00+00:00,4.65198626592636
2012-03-25 00:00:00+00:00,4.55227026241964
2012-03-26 00:00:00+00:00,4.63272235973115
2012-03-27 00:00:00+00:00,4.81134073524255
2012-03-28 00:00:00+00:00,4.79058939158387
2012-03-29 00:00:00+00:00,4.79406657218001
2012-03-30 00:00:00+00:00,4.86140935651666
2012-03-31 00:00:00+00:00,4.88977687317358
2012-04-01 00:00:00+00:00,4.79332567738165
2012-04-02 00:00:00+00:00,4.98304547866745
2012-04-03 00:00:00+00:00,4.95623319286967
2012-04-04 00:00:00+00:00,4.91784217767387
2012-04-05 00:00:00+00:00,4.92084924488603
2012-04-06 00:00:00+00:00,4.94910743220339
2012-04-07 00:00:00+00:00,4.70971191028638
2012-04-08 00:00:00+00:00,4.77881884921099
2012-04-09 00:00:00+00:00,4.85254738106371
2012-04-10 00:00:00+00:00,4.84141759380479
2012-04-11 00:00:00+00:00,4.91525071712449
2012-04-12 00:00:00+00:00,4.90115814728229
2012-04-13 00:00:00+00:00,4.93440673348919
2012-04-14 00:00:00+00:00,4.95636466101695
2012-04-15 00:00:00+00:00,4.9616003383986
2012-04-16 00:00:00+00:00,4.95076456925774
2012-04-17 00:00:00+00:00,4.9687445075979
2012-04-18 00:00:00+00:00,5.12437744301578
2012-04-19 00:00:00+00:00,5.13090651139684
2012-04-20 00:00:00+00:00,5.36651596814728
2012-04-21 00:00:00+00:00,5.28255033898305
2012-04-22 00:00:00+00:00,5.19560899473992
2012-04-23 00:00:00+00:00,5.11088819170076
2012-04-24 00:00:00+00:00,5.08786726241964
2012-04-25 00:00:00+00:00,5.14881624547048
2012-04-26 00:00:00+00:00,5.09741928579778
2012-04-27 00:00:00+00:00,5.09588733985973
2012-04-28 00:00:00+00:00,4.9707366528346
2012-04-29 00:00:00+00:00,4.90260617767387
2012-04-30 00:00:00+00:00,4.9421168100526
2012-05-01 00:00:00+00:00,4.98713722735243
2012-05-02 00:00:00+00:00,5.05343735388662
2012-05-03 00:00:00+00:00,5.11887297895967
2012-05-04 00:00:00+00:00,5.08550708825248
2012-05-05 00:00:00+00:00,5.05663956458212
2012-05-06 00:00:00+00:00,5.0478007729398
2012-05-07 00:00:00+00:00,5.06755586703682
2012-05-08 00:00:00+00:00,5.02346642285213
2012-05-09 00:00:00+00:00,5.04130623553478
2012-05-10 00:00:00+00:00,4.92748871975453
2012-05-11 00:00:00+00:00,4.96370997749854
2012-05-12 00:00:00+00:00,4.94653223495032
2012-05-13 00:00:00+00:00,4.94479505376973
2012-05-14 00:00:00+00:00,5.01143592197545
2012-05-15 00:00:00+00:00,5.03364040035067
2012-05-16 00:00:00+00:00,5.08778450905903
2012-05-17 00:00:00+00:00,5.08966168644068
2012-05-18 00:00:00+00:00,5.11830148275862
2012-05-19 00:00:00+00:00,5.11254581122151
2012-05-20 00:00:00+00:00,5.09420096843951
2012-05-21 00:00:00+00:00,5.0942213100526
2012-05-22 00:00:00+00:00,5.08913918877849
2012-05-23 00:00:00+00:00,5.12885889976622
2012-05-24 00:00:00+00:00,5.11915775920514
2012-05-25 00:00:00+00:00,5.13727680654588
2012-05-26 00:00:00+00:00,5.10397880479252
2012-05-27 00:00:00+00:00,5.13461613500877
2012-05-28 00:00:00+00:00,5.13632541905318
2012-05-29 00:00:00+00:00,5.14847069783752
2012-05-30 00:00:00+00:00,5.13826456925774
2012-05-31 00:00:00+00:00,5.18163972121566
2012-06-01 00:00:00+00:00,5.26694375803624
2012-06-02 00:00:00+00:00,5.24363906019871
2012-06-03 00:00:00+00:00,5.21270498480421
2012-06-04 00:00:00+00:00,5.25876585739334
2012-06-05 00:00:00+00:00,5.42601429485681
2012-06-06 00:00:00+00:00,5.44616942197545
2012-06-07 00:00:00+00:00,5.58716980976037
2012-06-08 00:00:00+00:00,5.62252910169492
2012-06-09 00:00:00+00:00,5.55700233547633
2012-06-10 00:00:00+00:00,5.45789356925774
2012-06-11 00:00:00+00:00,5.58699698158971
2012-06-12 00:00:00+00:00,5.72749129865575
2012-06-13 00:00:00+00:00,5.90930132378726
2012-06-14 00:00:00+00:00,5.96202318205728
2012-06-15 00:00:00+00:00,6.52338071917008
2012-06-16 00:00:00+00:00,6.44415828229106
2012-06-17 00:00:00+00:00,6.1999664880187
2012-06-18 00:00:00+00:00,6.31084466861485
2012-06-19 00:00:00+00:00,6.49482671595558
2012-06-20 00:00:00+00:00,6.69355105552309
2012-06-21 00:00:00+00:00,6.67226250379895
2012-06-22 00:00:00+00:00,6.56376169783752
2012-06-23 00:00:00+00:00,6.44754168907072
2012-06-24 00:00:00+00:00,6.35049403857393
2012-06-25 00:00:00+00:00,6.31747363004091
2012-06-26 00:00:00+00:00,6.43286082875511
2012-06-27 00:00:00+00:00,6.61571340151958
2012-06-28 00:00:00+00:00,6.59006463296318
2012-06-29 00:00:00+00:00,6.65877675715956
2012-06-30 00:00:00+00:00,6.68042762302747
2012-07-01 00:00:00+00:00,6.62686009234366
2012-07-02 00:00:00+00:00,6.74347805084746
2012-07-03 00:00:00+00:00,6.44999240327294
2012-07-04 00:00:00+00:00,6.51483533313852
2012-07-05 00:00:00+00:00,6.64239860432496
2012-07-06 00:00:00+00:00,6.67218118936295
2012-07-07 00:00:00+00:00,6.80827371186441
2012-07-08 00:00:00+00:00,6.79631768790181
2012-07-09 00:00:00+00:00,7.03239588603156
2012-07-10 00:00:00+00:00,7.17858003565167
2012-07-11 00:00:00+00:00,7.18514778901227
2012-07-12 00:00:00+00:00,7.55593565020456
2012-07-13 00:00:00+00:00,7.63092125599065
2012-07-14 00:00:00+00:00,7.58012917825833
2012-07-15 00:00:00+00:00,7.62723485973115
2012-07-16 00:00:00+00:00,8.49340567738165
2012-07-17 00:00:00+00:00,8.75198485505552
2012-07-18 00:00:00+00:00,9.09519268614845
2012-07-19 00:00:00+00:00,8.87953341350087
2012-07-20 00:00:00+00:00,8.53245067913501
2012-07-21 00:00:00+00:00,8.87564584102864
2012-07-22 00:00:00+00:00,8.50656254412624
2012-07-23 00:00:00+00:00,8.53121126943308
2012-07-24 00:00:00+00:00,8.57458517066043
2012-07-25 00:00:00+00:00,8.7693472729398
2012-07-26 00:00:00+00:00,8.87576504617183
2012-07-27 00:00:00+00:00,8.89145989421391
2012-07-28 00:00:00+00:00,8.84256089421391
2012-07-29 00:00:00+00:00,8.74768065926359
2012-07-30 00:00:00+00:00,9.08831724897721
2012-07-31 00:00:00+00:00,9.32099840210403
2012-08-01 00:00:00+00:00,9.56802090385739
2012-08-02 00:00:00+00:00,10.5510396960842
2012-08-03 00:00:00+00:00,10.9158647466394
2012-08-04 00:00:00+00:00,10.9197148807715
2012-08-05 00:00:00+00:00,10.805117377557
2012-08-06 00:00:00+00:00,10.8694465017534
2012-08-07 00:00:00+00:00,10.9412794400935
2012-08-08 00:00:00+00:00,11.0703915967271
2012-08-09 00:00:00+00:00,11.1037247440094
2012-08-10 00:00:00+00:00,11.4475688045003
2012-08-11 00:00:00+00:00,11.5425355271771
2012-08-12 00:00:00+00:00,11.5925523898305
2012-08-13 00:00:00+00:00,11.9849629903565
2012-08-14 00:00:00+00:00,12.1870974810053
2012-08-15 00:00:00+00:00,13.1700773538866
2012-08-16 00:00:00+00:00,13.4507908246639
2012-08-17 00:00:00+00:00,12.0770055423729
2012-08-18 00:00:00+00:00,11.5775071648159
2012-08-19 00:00:00+00:00,7.83062184190532
2012-08-20 00:00:00+00:00,9.97987664874343
2012-08-21 00:00:00+00:00,9.90298201811806
2012-08-22 00:00:00+00:00,9.772554578609
2012-08-23 00:00:00+00:00,10.0886574260666
2012-08-24 00:00:00+00:00,10.5940425943892
2012-08-25 00:00:00+00:00,10.5836766715371
2012-08-26 00:00:00+00:00,10.545530742256
2012-08-27 00:00:00+00:00,10.9003800806546
2012-08-28 00:00:00+00:00,10.9329585336061
2012-08-29 00:00:00+00:00,10.8677839018118
2012-08-30 00:00:00+00:00,10.7277488383986
2012-08-31 00:00:00+00:00,10.1024098205728
2012-09-01 00:00:00+00:00,10.0065329374635
2012-09-02 00:00:00+00:00,10.2261162016365
2012-09-03 00:00:00+00:00,10.4971343091759
2012-09-04 00:00:00+00:00,10.3640018942139
2012-09-05 00:00:00+00:00,11.0255228784337
2012-09-06 00:00:00+00:00,11.1607690157802
2012-09-07 00:00:00+00:00,11.0761223366452
2012-09-08 00:00:00+00:00,11.0432700333139
2012-09-09 00:00:00+00:00,11.0620954932788
2012-09-10 00:00:00+00:00,11.1252888047925
2012-09-11 00:00:00+00:00,11.2680929552893
2012-09-12 00:00:00+00:00,11.3152859082408
2012-09-13 00:00:00+00:00,11.38029928872
2012-09-14 00:00:00+00:00,11.730107622443
2012-09-15 00:00:00+00:00,11.7183934155465
2012-09-16 00:00:00+00:00,11.8869112238457
2012-09-17 00:00:00+00:00,11.908317157218
2012-09-18 00:00:00+00:00,12.2596508386908
2012-09-19 00:00:00+00:00,12.5048540981882
2012-09-20 00:00:00+00:00,12.3671766493279
2012-09-21 00:00:00+00:00,12.3336578357686
2012-09-22 00:00:00+00:00,12.2137276250731
2012-09-23 00:00:00+00:00,12.1654630263004
2012-09-24 00:00:00+00:00,12.11358871654
2012-09-25 00:00:00+00:00,12.1824053945061
2012-09-26 00:00:00+00:00,12.3198168597312
2012-09-27 00:00:00+00:00,12.3187514018118
2012-09-28 00:00:00+00:00,12.3814573892461
2012-09-29 00:00:00+00:00,12.4047515055523
2012-09-30 00:00:00+00:00,12.3916224728229
2012-10-01 00:00:00+00:00,12.3893951601403
2012-10-02 00:00:00+00:00,12.8072380958504
2012-10-03 00:00:00+00:00,12.9554304944477
2012-10-04 00:00:00+00:00,12.8623857779077
2012-10-05 00:00:00+00:00,12.7522194190532
2012-10-06 00:00:00+00:00,12.5051297136178
2012-10-07 00:00:00+00:00,11.8739970853302
2012-10-08 00:00:00+00:00,11.7333297481005
2012-10-09 00:00:00+00:00,11.8286634354179
2012-10-10 00:00:00+00:00,12.109188478083
2012-10-11 00:00:00+00:00,12.0675518082992
2012-10-12 00:00:00+00:00,12.0280681648159
2012-10-13 00:00:00+00:00,11.9268038293396
2012-10-14 00:00:00+00:00,11.6505779608416
2012-10-15 00:00:00+00:00,11.9083095268849
2012-10-16 00:00:00+00:00,11.8480180689655
2012-10-17 00:00:00+00:00,11.9193881607247
2012-10-18 00:00:00+00:00,11.9259328445354
2012-10-19 00:00:00+00:00,11.7574857971946
2012-10-20 00:00:00+00:00,11.6943775517241
2012-10-21 00:00:00+00:00,11.657411405903
2012-10-22 00:00:00+00:00,11.7410779129164
2012-10-23 00:00:00+00:00,11.7077817299825
2012-10-24 00:00:00+00:00,11.6343523869082
2012-10-25 00:00:00+00:00,10.7536298202805
2012-10-26 00:00:00+00:00,10.130619493571
2012-10-27 00:00:00+00:00,10.4581862957335
2012-10-28 00:00:00+00:00,10.7099620838691
2012-10-29 00:00:00+00:00,10.6307389760374
2012-10-30 00:00:00+00:00,10.8593230584454
2012-10-31 00:00:00+00:00,11.1460718381064
2012-11-01 00:00:00+00:00,10.6135357510228
2012-11-02 00:00:00+00:00,10.5305036388077
2012-11-03 00:00:00+00:00,10.650747019287
2012-11-04 00:00:00+00:00,10.7968828924605
2012-11-05 00:00:00+00:00,10.7408207352425
2012-11-06 00:00:00+00:00,10.8681974991233
2012-11-07 00:00:00+00:00,10.9540989444769
2012-11-08 00:00:00+00:00,10.892699371128
2012-11-09 00:00:00+00:00,10.8158672180012
2012-11-10 00:00:00+00:00,10.8632604430158
2012-11-11 00:00:00+00:00,10.8418406388077
2012-11-12 00:00:00+00:00,11.0313424552893
2012-11-13 00:00:00+00:00,10.9980027790766
2012-11-14 00:00:00+00:00,10.9589524184687
2012-11-15 00:00:00+00:00,11.1751098585622
2012-11-16 00:00:00+00:00,11.705044829924
2012-11-17 00:00:00+00:00,11.7500423991818
2012-11-18 00:00:00+00:00,11.6656310321449
2012-11-19 00:00:00+00:00,11.7505293506721
2012-11-20 00:00:00+00:00,11.6991703167738
2012-11-21 00:00:00+00:00,11.7291351759205
2012-11-22 00:00:00+00:00,12.2919979465225
2012-11-23 00:00:00+00:00,12.2802876195207
2012-11-24 00:00:00+00:00,12.4132043997662
2012-11-25 00:00:00+00:00,12.5296894897721
2012-11-26 00:00:00+00:00,12.1846262399182
2012-11-27 00:00:00+00:00,12.1592753845704
2012-11-28 00:00:00+00:00,12.3316598270018
2012-11-29 00:00:00+00:00,12.4976616534191
2012-11-30 00:00:00+00:00,12.5861389275278
2012-12-01 00:00:00+00:00,12.5923868702513
2012-12-02 00:00:00+00:00,12.4979447565751
2012-12-03 00:00:00+00:00,12.6569578369375
2012-12-04 00:00:00+00:00,13.3695895815313
2012-12-05 00:00:00+00:00,13.3127502220923
2012-12-06 00:00:00+00:00,13.4779245403273
2012-12-07 00:00:00+00:00,13.4772824494448
2012-12-08 00:00:00+00:00,13.4999844091175
2012-12-09 00:00:00+00:00,13.3465108907072
2012-12-10 00:00:00+00:00,13.4922565809468
2012-12-11 00:00:00+00:00,13.615415666277
2012-12-12 00:00:00+00:00,13.6682136426067
2012-12-13 00:00:00+00:00,13.7552515207481
2012-12-14 00:00:00+00:00,13.6009222527762
2012-12-15 00:00:00+00:00,13.5309482887201
2012-12-16 00:00:00+00:00,13.3328610765634
2012-12-17 00:00:00+00:00,13.3200719514904
2012-12-18 00:00:00+00:00,13.2720338690824
2012-12-19 00:00:00+00:00,13.5385431800117
2012-12-20 00:00:00+00:00,13.5700270263004
2012-12-21 00:00:00+00:00,13.4289680023378
2012-12-22 00:00:00+00:00,13.4272139129164
2012-12-23 00:00:00+00:00,13.3181057568673
2012-12-24 00:00:00+00:00,13.4266626715371
2012-12-25 00:00:00+00:00,13.3655670046756
2012-12-26 00:00:00+00:00,13.4546990175336
2012-12-27 00:00:00+00:00,13.3993031811806
2012-12-28 00:00:00+00:00,13.4555072215079
2012-12-29 00:00:00+00:00,13.3740038603156
2012-12-30 00:00:00+00:00,13.445013798948
2012-12-31 00:00:00+00:00,13.5455524436002
2013-01-01 00:00:00+00:00,13.3313714219755
2013-01-02 00:00:00+00:00,13.2806068129749
2013-01-03 00:00:00+00:00,13.3840811484512
2013-01-04 00:00:00+00:00,13.4517211496201
2013-01-05 00:00:00+00:00,13.459406766803
2013-01-06 00:00:00+00:00,13.5044965078901
2013-01-07 00:00:00+00:00,13.5560616578025
2013-01-08 00:00:00+00:00,13.7803506312098
2013-01-09 00:00:00+00:00,13.8209552565751
2013-01-10 00:00:00+00:00,14.12317285564
2013-01-11 00:00:00+00:00,14.2276211227352
2013-01-12 00:00:00+00:00,14.2142856560491
2013-01-13 00:00:00+00:00,14.1607882670953
2013-01-14 00:00:00+00:00,14.3179703202805
2013-01-15 00:00:00+00:00,14.3136377516072
2013-01-16 00:00:00+00:00,14.7078140479252
2013-01-17 00:00:00+00:00,15.598599739626
2013-01-18 00:00:00+00:00,15.7157911239042
2013-01-19 00:00:00+00:00,15.5881263997662
2013-01-20 00:00:00+00:00,15.7195921373466
2013-01-21 00:00:00+00:00,16.7810195207481
2013-01-22 00:00:00+00:00,17.3001788386908
2013-01-23 00:00:00+00:00,17.5363954228521
2013-01-24 00:00:00+00:00,16.90108607218
2013-01-25 00:00:00+00:00,17.4072020292227
2013-01-26 00:00:00+00:00,17.5536291760608
2013-01-27 00:00:00+00:00,17.8646280148217
2013-01-28 00:00:00+00:00,18.7942648743425
2013-01-29 00:00:00+00:00,19.5147141861484
2013-01-30 00:00:00+00:00,19.7374466864407
2013-01-31 00:00:00+00:00,20.5116430306838
2013-02-01 00:00:00+00:00,20.443091956166
2013-02-02 00:00:00+00:00,19.6359017054354
2013-02-03 00:00:00+00:00,20.5789396832262
2013-02-04 00:00:00+00:00,20.4404879614261
2013-02-05 00:00:00+00:00,20.6593447276446
2013-02-06 00:00:00+00:00,21.2085655318527
2013-02-07 00:00:00+00:00,22.1177651789246
2013-02-08 00:00:00+00:00,22.7873650499299
2013-02-09 00:00:00+00:00,23.7338601537113
2013-02-10 00:00:00+00:00,23.9002893571011
2013-02-11 00:00:00+00:00,24.4972726949153
2013-02-12 00:00:00+00:00,24.9797364073641
2013-02-13 00:00:00+00:00,24.6416509347867
2013-02-14 00:00:00+00:00,27.2823898203039
2013-02-15 00:00:00+00:00,27.1712692291058
2013-02-16 00:00:00+00:00,27.3461635619521
2013-02-17 00:00:00+00:00,26.9272513763881
2013-02-18 00:00:00+00:00,26.9288676370544
2013-02-19 00:00:00+00:00,29.4136243807715
2013-02-20 00:00:00+00:00,29.8198072276447
2013-02-21 00:00:00+00:00,29.8180689158387
2013-02-22 00:00:00+00:00,30.4726565324372
2013-02-23 00:00:00+00:00,29.8064545458796
2013-02-24 00:00:00+00:00,29.8828484924021
2013-02-25 00:00:00+00:00,30.3520330949737
2013-02-26 00:00:00+00:00,31.1555373506721
2013-02-27 00:00:00+00:00,31.2402610829924
2013-02-28 00:00:00+00:00,33.3752939365868
2013-03-01 00:00:00+00:00,34.6062570341204
2013-03-02 00:00:00+00:00,34.143515924021
2013-03-03 00:00:00+00:00,34.451740484512
2013-03-04 00:00:00+00:00,36.3762652507306
2013-03-05 00:00:00+00:00,40.6729539902747
2013-03-06 00:00:00+00:00,43.2849961852133
2013-03-07 00:00:00+00:00,41.9474407158387
2013-03-08 00:00:00+00:00,43.902928914962
2013-03-09 00:00:00+00:00,46.8885866123086
2013-03-10 00:00:00+00:00,46.0660384590181
2013-03-11 00:00:00+00:00,48.275074577218
2013-03-12 00:00:00+00:00,44.4135452582116
2013-03-13 00:00:00+00:00,47.0161908515809
2013-03-14 00:00:00+00:00,46.9255625535453
2013-03-15 00:00:00+00:00,46.9025172478223
2013-03-16 00:00:00+00:00,47.1570156995909
2013-03-17 00:00:00+00:00,47.3334997837522
2013-03-18 00:00:00+00:00,51.3654363912578
2013-03-19 00:00:00+00:00,59.4986011114249
2013-03-20 00:00:00+00:00,63.6874854981899
2013-03-21 00:00:00+00:00,70.9175250053215
2013-03-22 00:00:00+00:00,69.8460845417884
2013-03-23 00:00:00+00:00,64.3831163705435
2013-03-24 00:00:00+00:00,71.6904242064758
2013-03-25 00:00:00+00:00,74.3140892495617
2013-03-26 00:00:00+00:00,78.6141974320088
2013-03-27 00:00:00+00:00,88.8520799138223
2013-03-28 00:00:00+00:00,87.6731739608416
2013-03-29 00:00:00+00:00,90.29569935827
2013-03-30 00:00:00+00:00,92.1899599883109
2013-03-31 00:00:00+00:00,93.8992384231444
2013-04-01 00:00:00+00:00,103.580346911163
2013-04-02 00:00:00+00:00,116.679944241173
2013-04-03 00:00:00+00:00,131.384809378154
2013-04-04 00:00:00+00:00,133.007120475745
2013-04-05 00:00:00+00:00,142.626065488019
2013-04-06 00:00:00+00:00,143.081822964933
2013-04-07 00:00:00+00:00,162.852214576856
2013-04-08 00:00:00+00:00,186.351161848042
2013-04-09 00:00:00+00:00,230.682996695207
2013-04-10 00:00:00+00:00,161.192889661017
2013-04-11 00:00:00+00:00,82.9015850379895
2013-04-12 00:00:00+00:00,111.476373194039
2013-04-13 00:00:00+00:00,97.6090718702513
2013-04-14 00:00:00+00:00,88.8614913997663
2013-04-15 00:00:00+00:00,80.8746931659848
2013-04-16 00:00:00+00:00,68.2831387270602
2013-04-17 00:00:00+00:00,92.8640369135009
2013-04-18 00:00:00+00:00,108.628345092344
2013-04-19 00:00:00+00:00,119.012283239042
2013-04-20 00:00:00+00:00,128.208288893045
2013-04-21 00:00:00+00:00,118.483243756283
2013-04-22 00:00:00+00:00,126.31427175979
2013-04-23 00:00:00+00:00,142.127218053185
2013-04-24 00:00:00+00:00,154.1332778045
2013-04-25 00:00:00+00:00,141.008659278492
2013-04-26 00:00:00+00:00,137.209600419638
2013-04-27 00:00:00+00:00,128.226669605202
2013-04-28 00:00:00+00:00,134.62356956166
2013-04-29 00:00:00+00:00,143.810378192577
2013-04-30 00:00:00+00:00,139.129647545295
2013-05-01 00:00:00+00:00,116.113801040327
2013-05-02 00:00:00+00:00,106.340984697253
2013-05-03 00:00:00+00:00,96.3168402741087
2013-05-04 00:00:00+00:00,112.497636369082
2013-05-05 00:00:00+00:00,116.488715827002
2013-05-06 00:00:00+00:00,112.118596195207
2013-05-07 00:00:00+00:00,111.609212873466
2013-05-08 00:00:00+00:00,113.136061854763
2013-05-09 00:00:00+00:00,111.974532710696
2013-05-10 00:00:00+00:00,117.691036883694
2013-05-11 00:00:00+00:00,115.49977766277
2013-05-12 00:00:00+00:00,114.885675559614
2013-05-13 00:00:00+00:00,117.404456646113
2013-05-14 00:00:00+00:00,107.865566569258
2013-05-15 00:00:00+00:00,108.986852425482
2013-05-16 00:00:00+00:00,112.917874050263
2013-05-17 00:00:00+00:00,117.284616014027
2013-05-18 00:00:00+00:00,118.169876680304
2013-05-19 00:00:00+00:00,117.033880187025
2013-05-20 00:00:00+00:00,117.818636469901
2013-05-21 00:00:00+00:00,117.252040911748
2013-05-22 00:00:00+00:00,118.9781735827
2013-05-23 00:00:00+00:00,123.726156049094
2013-05-24 00:00:00+00:00,128.971080654588
2013-05-25 00:00:00+00:00,128.844915254237
2013-05-26 00:00:00+00:00,130.158601110462
2013-05-27 00:00:00+00:00,126.392905902981
2013-05-28 00:00:00+00:00,125.904595265926
2013-05-29 00:00:00+00:00,129.564812390415
2013-05-30 00:00:00+00:00,126.513068381064
2013-05-31 00:00:00+00:00,127.816488895383
2013-06-01 00:00:00+00:00,128.791151081239
2013-06-02 00:00:00+00:00,122.626708942139
2013-06-03 00:00:00+00:00,122.949187901812
2013-06-04 00:00:00+00:00,120.189968731736
2013-06-05 00:00:00+00:00,120.869923845704
2013-06-06 00:00:00+00:00,119.053975669784
2013-06-07 00:00:00+00:00,110.1977314436
2013-06-08 00:00:00+00:00,109.178545341321
2013-06-09 00:00:00+00:00,99.9036034482759
2013-06-10 00:00:00+00:00,104.357566627703
2013-06-11 00:00:00+00:00,107.507520455874
2013-06-12 00:00:00+00:00,106.378116306254
2013-06-13 00:00:00+00:00,101.323897720631
2013-06-14 00:00:00+00:00,99.2132443015781
2013-06-15 00:00:00+00:00,99.8750374050263
2013-06-16 00:00:00+00:00,99.0383512565751
2013-06-17 00:00:00+00:00,100.126305084746
2013-06-18 00:00:00+00:00,104.289176382233
2013-06-19 00:00:00+00:00,104.417150789012
2013-06-20 00:00:00+00:00,104.323499707773
2013-06-21 00:00:00+00:00,101.416857393337
2013-06-22 00:00:00+00:00,100.039508474576
2013-06-23 00:00:00+00:00,100.314744593805
2013-06-24 00:00:00+00:00,99.0456832261835
2013-06-25 00:00:00+00:00,97.8327887200468
2013-06-26 00:00:00+00:00,98.6517007597896
2013-06-27 00:00:00+00:00,96.8039495990649
2013-06-28 00:00:00+00:00,89.4245067212157
2013-06-29 00:00:00+00:00,88.7972910578609
2013-06-30 00:00:00+00:00,89.4809076563413
2013-07-01 00:00:00+00:00,82.8675701344243
2013-07-02 00:00:00+00:00,87.8164666861484
2013-07-03 00:00:00+00:00,77.6913308007014
2013-07-04 00:00:00+00:00,79.1348708357686
2013-07-05 00:00:00+00:00,67.4476238527177
2013-07-06 00:00:00+00:00,66.3416808883694
2013-07-07 00:00:00+00:00,72.1095223728814
2013-07-08 00:00:00+00:00,73.9885537697253
2013-07-09 00:00:00+00:00,74.8919108708358
2013-07-10 00:00:00+00:00,85.0136791350088
2013-07-11 00:00:00+00:00,87.4975493863238
2013-07-12 00:00:00+00:00,90.0466987142022
2013-07-13 00:00:00+00:00,91.5925978959673
2013-07-14 00:00:00+00:00,89.892269275862
2013-07-15 00:00:00+00:00,93.7961525423729
2013-07-16 00:00:00+00:00,91.7810356516657
2013-07-17 00:00:00+00:00,91.0313512565751
2013-07-18 00:00:00+00:00,84.9617291174752
2013-07-19 00:00:00+00:00,86.2387945996493
2013-07-20 00:00:00+00:00,84.9108591466978
2013-07-21 00:00:00+00:00,85.6643502618352
2013-07-22 00:00:00+00:00,85.6490286382233
2013-07-23 00:00:00+00:00,86.977056691993
2013-07-24 00:00:00+00:00,88.15173056692
2013-07-25 00:00:00+00:00,90.166092226768
2013-07-26 00:00:00+00:00,89.9839859731151
2013-07-27 00:00:00+00:00,88.165275862069
2013-07-28 00:00:00+00:00,92.7458421975453
2013-07-29 00:00:00+00:00,93.2986972530684
2013-07-30 00:00:00+00:00,96.659552893045
2013-07-31 00:00:00+00:00,98.0244199298656
2013-08-01 00:00:00+00:00,96.5680178258329
2013-08-02 00:00:00+00:00,96.0745306838106
2013-08-03 00:00:00+00:00,95.5067095265926
2013-08-04 00:00:00+00:00,96.3654821741672
2013-08-05 00:00:00+00:00,97.5271338398598
2013-08-06 00:00:00+00:00,97.6712066043249
2013-08-07 00:00:00+00:00,97.0542068965517
2013-08-08 00:00:00+00:00,94.2572717708942
2013-08-09 00:00:00+00:00,92.4727767387493
2013-08-10 00:00:00+00:00,93.293552893045
2013-08-11 00:00:00+00:00,94.271312390415
2013-08-12 00:00:00+00:00,95.4464707773232
2013-08-13 00:00:00+00:00,97.7590750847458
2013-08-14 00:00:00+00:00,99.1212875511397
2013-08-15 00:00:00+00:00,98.1063331385155
2013-08-16 00:00:00+00:00,98.2909602571596
2013-08-17 00:00:00+00:00,99.6305043834015
2013-08-18 00:00:00+00:00,99.1780397428405
2013-08-19 00:00:00+00:00,102.784012273524
2013-08-20 00:00:00+00:00,104.500210987726
2013-08-21 00:00:00+00:00,110.801603740503
2013-08-22 00:00:00+00:00,109.523216832262
2013-08-23 00:00:00+00:00,107.697571595558
2013-08-24 00:00:00+00:00,108.882675043834
2013-08-25 00:00:00+00:00,113.082563413209
2013-08-26 00:00:00+00:00,112.11811484512
2013-08-27 00:00:00+00:00,117.759790765634
2013-08-28 00:00:00+00:00,118.317414377557
2013-08-29 00:00:00+00:00,118.835638223261
2013-08-30 00:00:00+00:00,124.885379602572
2013-08-31 00:00:00+00:00,128.377978959673
2013-09-01 00:00:00+00:00,130.536372004676
2013-09-02 00:00:00+00:00,129.565371712449
2013-09-03 00:00:00+00:00,129.182803623612
2013-09-04 00:00:00+00:00,122.529238749269
2013-09-05 00:00:00+00:00,122.370085037989
2013-09-06 00:00:00+00:00,117.861146405611
2013-09-07 00:00:00+00:00,119.814989479836
2013-09-08 00:00:00+00:00,118.057386323787
2013-09-09 00:00:00+00:00,121.259272647575
2013-09-10 00:00:00+00:00,122.215530189363
2013-09-11 00:00:00+00:00,127.088227060199
2013-09-12 00:00:00+00:00,126.780723553478
2013-09-13 00:00:00+00:00,127.407745178258
2013-09-14 00:00:00+00:00,124.348477498539
2013-09-15 00:00:00+00:00,125.076417884278
2013-09-16 00:00:00+00:00,126.204665984804
2013-09-17 00:00:00+00:00,126.897250146113
2013-09-18 00:00:00+00:00,126.903819403857
2013-09-19 00:00:00+00:00,124.180957334892
2013-09-20 00:00:00+00:00,122.921635885447
2013-09-21 00:00:00+00:00,123.508256867329
2013-09-22 00:00:00+00:00,123.124935125658
2013-09-23 00:00:00+00:00,122.865699006429
2013-09-24 00:00:00+00:00,123.797357685564
2013-09-25 00:00:00+00:00,123.614078609001
2013-09-26 00:00:00+00:00,124.68567445938
2013-09-27 00:00:00+00:00,126.605347749854
2013-09-28 00:00:00+00:00,126.796551724138
2013-09-29 00:00:00+00:00,127.108627703098
2013-09-30 00:00:00+00:00,126.090261835184
2013-10-01 00:00:00+00:00,127.575424313267
2013-10-02 00:00:00+00:00,104.105092928112
2013-10-03 00:00:00+00:00,117.575495032145
2013-10-04 00:00:00+00:00,121.930347749854
2013-10-05 00:00:00+00:00,121.393402688486
2013-10-06 00:00:00+00:00,122.475261250731
2013-10-07 00:00:00+00:00,123.906872589129
2013-10-08 00:00:00+00:00,124.76652893045
2013-10-09 00:00:00+00:00,125.933520312683
2013-10-10 00:00:00+00:00,126.704650496785
2013-10-11 00:00:00+00:00,127.25529924021
2013-10-12 00:00:00+00:00,127.851263004091
2013-10-13 00:00:00+00:00,132.415658679135
2013-10-14 00:00:00+00:00,135.339194915254
2013-10-15 00:00:00+00:00,141.493908533022
2013-10-16 00:00:00+00:00,138.327921917008
2013-10-17 00:00:00+00:00,143.74713383986
2013-10-18 00:00:00+00:00,152.775572180012
2013-10-19 00:00:00+00:00,165.772717124489
2013-10-20 00:00:00+00:00,166.500151081239
2013-10-21 00:00:00+00:00,179.910628579778
2013-10-22 00:00:00+00:00,190.402781414378
2013-10-23 00:00:00+00:00,204.600350964348
2013-10-24 00:00:00+00:00,194.41004376505
2013-10-25 00:00:00+00:00,185.64378762595
2013-10-26 00:00:00+00:00,179.808218001169
2013-10-27 00:00:00+00:00,194.546133255406
2013-10-28 00:00:00+00:00,196.274687317358
2013-10-29 00:00:00+00:00,204.428174167154
2013-10-30 00:00:00+00:00,197.900599420982
2013-10-31 00:00:00+00:00,203.283649912332
2013-11-01 00:00:00+00:00,203.037109849386
2013-11-02 00:00:00+00:00,204.792881355932
2013-11-03 00:00:00+00:00,210.275382611748
2013-11-04 00:00:00+00:00,228.79103886616
2013-11-05 00:00:00+00:00,243.641668907072
2013-11-06 00:00:00+00:00,263.209583987142
2013-11-07 00:00:00+00:00,290.124226183518
2013-11-08 00:00:00+00:00,333.750656511981
2013-11-09 00:00:00+00:00,331.051148451198
2013-11-10 00:00:00+00:00,327.558653499708
2013-11-11 00:00:00+00:00,342.697692869667
2013-11-12 00:00:00+00:00,354.645488310929
2013-11-13 00:00:00+00:00,394.50449522443
2013-11-14 00:00:00+00:00,416.706303302747
2013-11-15 00:00:00+00:00,408.398797334892
2013-11-16 00:00:00+00:00,435.798442767387
2013-11-17 00:00:00+00:00,485.33657685564
2013-11-18 00:00:00+00:00,657.778503874927
2013-11-19 00:00:00+00:00,546.878397311514
2013-11-20 00:00:00+00:00,595.339099649328
2013-11-21 00:00:00+00:00,720.764425260082
2013-11-22 00:00:00+00:00,802.916933718294
2013-11-23 00:00:00+00:00,834.295339989129
2013-11-24 00:00:00+00:00,807.166695499708
2013-11-25 00:00:00+00:00,816.243386616014
2013-11-26 00:00:00+00:00,916.097160140269
2013-11-27 00:00:00+00:00,962.910560911748
2013-11-28 00:00:00+00:00,1007.38716364699
2013-11-29 00:00:00+00:00,1128.7254880187
2013-11-30 00:00:00+00:00,1119.29671478667
2013-12-01 00:00:00+00:00,964.485793687902
2013-12-02 00:00:00+00:00,1040.80821770894
2013-12-03 00:00:00+00:00,1053.62102744828
2013-12-04 00:00:00+00:00,1134.93223088837
2013-12-05 00:00:00+00:00,1027.411772827
2013-12-06 00:00:00+00:00,824.581710337814
2013-12-07 00:00:00+00:00,703.748376025716
2013-12-08 00:00:00+00:00,783.573348334307
2013-12-09 00:00:00+00:00,896.079289888954
2013-12-10 00:00:00+00:00,977.165367329047
2013-12-11 00:00:00+00:00,875.464034272355
2013-12-12 00:00:00+00:00,873.324805987727
2013-12-13 00:00:00+00:00,879.156135300994
2013-12-14 00:00:00+00:00,852.856120526008
2013-12-15 00:00:00+00:00,864.0616578609
2013-12-16 00:00:00+00:00,677.894106801286
2013-12-17 00:00:00+00:00,682.62677270602
2013-12-18 00:00:00+00:00,526.12097632671
2013-12-19 00:00:00+00:00,685.525128959673
2013-12-20 00:00:00+00:00,600.216954260666
2013-12-21 00:00:00+00:00,597.033502548217
2013-12-22 00:00:00+00:00,615.013035271771
2013-12-23 00:00:00+00:00,657.926634155465
2013-12-24 00:00:00+00:00,650.664745178258
2013-12-25 00:00:00+00:00,678.290158094681
2013-12-26 00:00:00+00:00,749.996594956166
2013-12-27 00:00:00+00:00,722.570567492694
2013-12-28 00:00:00+00:00,715.852363078901
2013-12-29 00:00:00+00:00,727.271215663355
2013-12-30 00:00:00+00:00,735.741997077732
2013-12-31 00:00:00+00:00,729.557582910579
2014-01-01 00:00:00+00:00,752.404549944594
2014-01-02 00:00:00+00:00,784.954921314436
2014-01-03 00:00:00+00:00,807.222939029807
2014-01-04 00:00:00+00:00,828.602062618352
2014-01-05 00:00:00+00:00,902.487380263004
2014-01-06 00:00:00+00:00,914.459960841613
2014-01-07 00:00:00+00:00,803.351796198714
2014-01-08 00:00:00+00:00,820.690009503214
2014-01-09 00:00:00+00:00,831.334750487434
2014-01-10 00:00:00+00:00,853.298854844603
2014-01-11 00:00:00+00:00,889.555837119345
2014-01-12 00:00:00+00:00,845.191332220924
2014-01-13 00:00:00+00:00,822.877012197545
2014-01-14 00:00:00+00:00,815.293602711864
2014-01-15 00:00:00+00:00,841.089857364115
2014-01-16 00:00:00+00:00,815.854800298071
2014-01-17 00:00:00+00:00,792.829506475745
2014-01-18 00:00:00+00:00,809.783528356386
2014-01-19 00:00:00+00:00,838.428474734073
2014-01-20 00:00:00+00:00,828.885216592636
2014-01-21 00:00:00+00:00,823.817963763881
2014-01-22 00:00:00+00:00,818.976386323787
2014-01-23 00:00:00+00:00,810.922425195792
2014-01-24 00:00:00+00:00,781.042513950906
2014-01-25 00:00:00+00:00,804.403240800701
2014-01-26 00:00:00+00:00,814.499381373466
2014-01-27 00:00:00+00:00,742.701374970777
2014-01-28 00:00:00+00:00,790.176401876096
2014-01-29 00:00:00+00:00,793.38442490941
2014-01-30 00:00:00+00:00,799.474479836353
2014-01-31 00:00:00+00:00,803.237598784921
2014-02-01 00:00:00+00:00,813.219549216833
2014-02-02 00:00:00+00:00,814.490870426651
2014-02-03 00:00:00+00:00,806.997428372531
2014-02-04 00:00:00+00:00,800.078231893629
2014-02-05 00:00:00+00:00,784.473692777791
2014-02-06 00:00:00+00:00,763.569382232612
2014-02-07 00:00:00+00:00,711.571273419053
2014-02-08 00:00:00+00:00,677.682300941379
2014-02-09 00:00:00+00:00,687.406054576271
2014-02-10 00:00:00+00:00,685.457498836938
2014-02-11 00:00:00+00:00,671.89969169024
2014-02-12 00:00:00+00:00,653.765780911747
2014-02-13 00:00:00+00:00,612.918414962011
2014-02-14 00:00:00+00:00,668.788602659264
2014-02-15 00:00:00+00:00,654.377060198714
2014-02-16 00:00:00+00:00,623.250321948568
2014-02-17 00:00:00+00:00,631.334596306254
2014-02-18 00:00:00+00:00,627.271761415484
2014-02-19 00:00:00+00:00,623.54013694623
2014-02-20 00:00:00+00:00,563.768561098773
2014-02-21 00:00:00+00:00,580.324315973115
2014-02-22 00:00:00+00:00,607.12463333723
2014-02-23 00:00:00+00:00,610.082323746347
2014-02-24 00:00:00+00:00,542.266650753945
2014-02-25 00:00:00+00:00,533.707644436002
2014-02-26 00:00:00+00:00,587.57858829924
2014-02-27 00:00:00+00:00,585.393925650058
2014-02-28 00:00:00+00:00,551.29477030976
2014-03-01 00:00:00+00:00,567.534235441262
2014-03-02 00:00:00+00:00,558.527707156633
2014-03-03 00:00:00+00:00,676.505732781999
2014-03-04 00:00:00+00:00,674.51139943308
2014-03-05 00:00:00+00:00,670.338851099514
2014-03-06 00:00:00+00:00,667.712834003507
2014-03-07 00:00:00+00:00,631.770295213326
2014-03-08 00:00:00+00:00,621.524114496201
2014-03-09 00:00:00+00:00,640.578889322034
2014-03-10 00:00:00+00:00,628.151241165985
2014-03-11 00:00:00+00:00,633.73383823495
2014-03-12 00:00:00+00:00,634.646823717125
2014-03-13 00:00:00+00:00,643.432100859147
2014-03-14 00:00:00+00:00,628.308590005845
2014-03-15 00:00:00+00:00,636.218650061368
2014-03-16 00:00:00+00:00,634.168900970894
2014-03-17 00:00:00+00:00,622.760208649912
2014-03-18 00:00:00+00:00,614.309513717125
2014-03-19 00:00:00+00:00,610.511203474576
2014-03-20 00:00:00+00:00,586.607595710111
2014-03-21 00:00:00+00:00,569.694517995324
2014-03-22 00:00:00+00:00,564.700026703682
2014-03-23 00:00:00+00:00,558.958861691408
2014-03-24 00:00:00+00:00,585.023250518995
2014-03-25 00:00:00+00:00,583.771189094097
2014-03-26 00:00:00+00:00,579.243850400994
2014-03-27 00:00:00+00:00,483.164012612507
2014-03-28 00:00:00+00:00,498.661328949153
2014-03-29 00:00:00+00:00,489.517023547633
2014-03-30 00:00:00+00:00,458.966328275862
2014-03-31 00:00:00+00:00,455.355354056108
2014-04-01 00:00:00+00:00,479.008465867913
2014-04-02 00:00:00+00:00,439.011492524839
2014-04-03 00:00:00+00:00,449.441151519579
2014-04-04 00:00:00+00:00,449.719869736996
2014-04-05 00:00:00+00:00,461.675331482174
2014-04-06 00:00:00+00:00,458.633480544535
2014-04-07 00:00:00+00:00,448.655275066394
2014-04-08 00:00:00+00:00,452.803098796026
2014-04-09 00:00:00+00:00,442.837984932203
2014-04-10 00:00:00+00:00,366.911866063413
2014-04-11 00:00:00+00:00,421.943528071303
2014-04-12 00:00:00+00:00,424.274212647575
2014-04-13 00:00:00+00:00,416.362321654004
2014-04-14 00:00:00+00:00,461.108246586649
2014-04-15 00:00:00+00:00,521.615299606078
2014-04-16 00:00:00+00:00,531.481846731999
2014-04-17 00:00:00+00:00,499.837551544721
2014-04-18 00:00:00+00:00,483.020013533606
2014-04-19 00:00:00+00:00,504.365595178488
2014-04-20 00:00:00+00:00,501.55718444916
2014-04-21 00:00:00+00:00,498.084530300994
2014-04-22 00:00:00+00:00,489.503510029223
2014-04-23 00:00:00+00:00,490.63296754332
2014-04-24 00:00:00+00:00,503.291801028638
2014-04-25 00:00:00+00:00,466.426171344243
2014-04-26 00:00:00+00:00,459.22670981882
2014-04-27 00:00:00+00:00,438.709363717287
2014-04-28 00:00:00+00:00,441.547805468089
2014-04-29 00:00:00+00:00,447.709930772047
2014-04-30 00:00:00+00:00,448.875715514009
2014-05-01 00:00:00+00:00,460.194698255991
2014-05-02 00:00:00+00:00,452.239779761701
2014-05-03 00:00:00+00:00,438.978588005844
2014-05-04 00:00:00+00:00,436.675398644705
2014-05-05 00:00:00+00:00,432.338179035394
2014-05-06 00:00:00+00:00,430.128205394506
2014-05-07 00:00:00+00:00,442.18287609585
2014-05-08 00:00:00+00:00,440.402762711864
2014-05-09 00:00:00+00:00,452.697999723553
2014-05-10 00:00:00+00:00,456.75584628872
2014-05-11 00:00:00+00:00,439.114476037405
2014-05-12 00:00:00+00:00,441.280955581531
2014-05-13 00:00:00+00:00,439.005774985389
2014-05-14 00:00:00+00:00,444.848205727645
2014-05-15 00:00:00+00:00,446.96155873758
2014-05-16 00:00:00+00:00,448.74215371128
2014-05-17 00:00:00+00:00,449.2222893045
2014-05-18 00:00:00+00:00,446.962641437756
2014-05-19 00:00:00+00:00,447.404856808884
2014-05-20 00:00:00+00:00,490.335648158971
2014-05-21 00:00:00+00:00,493.933491817651
2014-05-22 00:00:00+00:00,526.81428842782
2014-05-23 00:00:00+00:00,523.699320280538
2014-05-24 00:00:00+00:00,527.691243132671
2014-05-25 00:00:00+00:00,573.312458796026
2014-05-26 00:00:00+00:00,584.847974868498
2014-05-27 00:00:00+00:00,573.928269245471
2014-05-28 00:00:00+00:00,579.189318819404
2014-05-29 00:00:00+00:00,570.349310929281
2014-05-30 00:00:00+00:00,620.846360607832
2014-05-31 00:00:00+00:00,627.892420689655
2014-06-01 00:00:00+00:00,630.074953535944
2014-06-02 00:00:00+00:00,663.505723845704
2014-06-03 00:00:00+00:00,672.387897136178
2014-06-04 00:00:00+00:00,643.887368790181
2014-06-05 00:00:00+00:00,661.503558153127
2014-06-06 00:00:00+00:00,650.133315897136
2014-06-07 00:00:00+00:00,656.800271770894
2014-06-08 00:00:00+00:00,657.819974868498
2014-06-09 00:00:00+00:00,648.336322326125
2014-06-10 00:00:00+00:00,650.936609585038
2014-06-11 00:00:00+00:00,631.489022209235
2014-06-12 00:00:00+00:00,591.975077147867
2014-06-13 00:00:00+00:00,597.044999707773
2014-06-14 00:00:00+00:00,575.559461718293
2014-06-15 00:00:00+00:00,589.724646405611
2014-06-16 00:00:00+00:00,590.567482174167
2014-06-17 00:00:00+00:00,609.080002922268
2014-06-18 00:00:00+00:00,607.629796025716
2014-06-19 00:00:00+00:00,595.751476914085
2014-06-20 00:00:00+00:00,591.531522793688
2014-06-21 00:00:00+00:00,592.764349503215
2014-06-22 00:00:00+00:00,599.634633547633
2014-06-23 00:00:00+00:00,589.552299824664
2014-06-24 00:00:00+00:00,579.973718585622
2014-06-25 00:00:00+00:00,562.236779953244
2014-06-26 00:00:00+00:00,580.749230274693
2014-06-27 00:00:00+00:00,600.638305376973
2014-06-28 00:00:00+00:00,594.390304208065
2014-06-29 00:00:00+00:00,600.840518410286
2014-06-30 00:00:00+00:00,638.94611396844
2014-07-01 00:00:00+00:00,642.95659672706
2014-07-02 00:00:00+00:00,651.298347749854
2014-07-03 00:00:00+00:00,646.413389130333
2014-07-04 00:00:00+00:00,630.635502922268
2014-07-05 00:00:00+00:00,630.468341905318
2014-07-06 00:00:00+00:00,634.67267445938
2014-07-07 00:00:00+00:00,622.854978959673
2014-07-08 00:00:00+00:00,624.894331092928
2014-07-09 00:00:00+00:00,621.939091759205
2014-07-10 00:00:00+00:00,616.522849795441
2014-07-11 00:00:00+00:00,634.494378141438
2014-07-12 00:00:00+00:00,636.923957934541
2014-07-13 00:00:00+00:00,629.87575043834
2014-07-14 00:00:00+00:00,619.197459088252
2014-07-15 00:00:00+00:00,621.934601402689
2014-07-16 00:00:00+00:00,616.351882232612
2014-07-17 00:00:00+00:00,624.259274985389
2014-07-18 00:00:00+00:00,630.750140268849
2014-07-19 00:00:00+00:00,629.17336440678
2014-07-20 00:00:00+00:00,625.248676212741
2014-07-21 00:00:00+00:00,621.305331385155
2014-07-22 00:00:00+00:00,619.823264465225
2014-07-23 00:00:00+00:00,619.772816773817
2014-07-24 00:00:00+00:00,602.87964552893
2014-07-25 00:00:00+00:00,601.578514319112
2014-07-26 00:00:00+00:00,594.702607247224
2014-07-27 00:00:00+00:00,591.575444184687
2014-07-28 00:00:00+00:00,587.493004967855
2014-07-29 00:00:00+00:00,584.11239333723
2014-07-30 00:00:00+00:00,562.914625073057
2014-07-31 00:00:00+00:00,581.975561952075
2014-08-01 00:00:00+00:00,596.506759205143
2014-08-02 00:00:00+00:00,589.757261542957
2014-08-03 00:00:00+00:00,586.753736703682
2014-08-04 00:00:00+00:00,587.60833547633
2014-08-05 00:00:00+00:00,581.881988603156
2014-08-06 00:00:00+00:00,582.248371420222
2014-08-07 00:00:00+00:00,586.046633547633
2014-08-08 00:00:00+00:00,589.024412624196
2014-08-09 00:00:00+00:00,588.978521332554
2014-08-10 00:00:00+00:00,589.373502045587
2014-08-11 00:00:00+00:00,573.441483927528
2014-08-12 00:00:00+00:00,568.307520163647
2014-08-13 00:00:00+00:00,548.370175336061
2014-08-14 00:00:00+00:00,505.107499707773
2014-08-15 00:00:00+00:00,500.323060132671
2014-08-16 00:00:00+00:00,521.7479628872
2014-08-17 00:00:00+00:00,497.764658971362
2014-08-18 00:00:00+00:00,468.957918176505
2014-08-19 00:00:00+00:00,486.794350672122
2014-08-20 00:00:00+00:00,515.120353886616
2014-08-21 00:00:00+00:00,519.307852133255
2014-08-22 00:00:00+00:00,516.159368790181
2014-08-23 00:00:00+00:00,497.12575949737
2014-08-24 00:00:00+00:00,508.430741963764
2014-08-25 00:00:00+00:00,501.610286674459
2014-08-26 00:00:00+00:00,511.852321741672
2014-08-27 00:00:00+00:00,510.162323787259
2014-08-28 00:00:00+00:00,506.285151665693
2014-08-29 00:00:00+00:00,508.866571887785
2014-08-30 00:00:00+00:00,501.275723261251
2014-08-31 00:00:00+00:00,478.511425482174
2014-09-01 00:00:00+00:00,474.541489772063
2014-09-02 00:00:00+00:00,474.430670660433
2014-09-03 00:00:00+00:00,473.95920338983
2014-09-04 00:00:00+00:00,489.555201344243
2014-09-05 00:00:00+00:00,478.749782875511
2014-09-06 00:00:00+00:00,480.64249181765
2014-09-07 00:00:00+00:00,478.36550087668
2014-09-08 00:00:00+00:00,468.975495908825
2014-09-09 00:00:00+00:00,473.51202717709
2014-09-10 00:00:00+00:00,477.778417592051
2014-09-11 00:00:00+00:00,477.270682057276
2014-09-12 00:00:00+00:00,473.997282291058
2014-09-13 00:00:00+00:00,477.960973991818
2014-09-14 00:00:00+00:00,475.648063997662
2014-09-15 00:00:00+00:00,472.655629748685
2014-09-16 00:00:00+00:00,464.177754529515
2014-09-17 00:00:00+00:00,456.339891291642
2014-09-18 00:00:00+00:00,426.880106954997
2014-09-19 00:00:00+00:00,393.893890707189
2014-09-20 00:00:00+00:00,411.041342781999
2014-09-21 00:00:00+00:00,400.404530683811
2014-09-22 00:00:00+00:00,400.881622150789
2014-09-23 00:00:00+00:00,438.491800993571
2014-09-24 00:00:00+00:00,423.700091759205
2014-09-25 00:00:00+00:00,409.537749853887
2014-09-26 00:00:00+00:00,405.298251899474
2014-09-27 00:00:00+00:00,400.599334599649
2014-09-28 00:00:00+00:00,375.549989772063
2014-09-29 00:00:00+00:00,373.0645578609
2014-09-30 00:00:00+00:00,389.264040411455
2014-10-01 00:00:00+00:00,382.909365867914
2014-10-02 00:00:00+00:00,372.525699006429
2014-10-03 00:00:00+00:00,357.665713617767
2014-10-04 00:00:00+00:00,328.826113091759
2014-10-05 00:00:00+00:00,322.826261542957
2014-10-06 00:00:00+00:00,326.803532729398
2014-10-07 00:00:00+00:00,333.570194915254
2014-10-08 00:00:00+00:00,354.407334307423
2014-10-09 00:00:00+00:00,361.716424897721
2014-10-10 00:00:00+00:00,358.890390810053
2014-10-11 00:00:00+00:00,361.908376972531
2014-10-12 00:00:00+00:00,377.871243717124
2014-10-13 00:00:00+00:00,391.994208942139
2014-10-14 00:00:00+00:00,400.880592054354
2014-10-15 00:00:00+00:00,394.625879894798
2014-10-16 00:00:00+00:00,382.321476329632
2014-10-17 00:00:00+00:00,382.200789596727
2014-10-18 00:00:00+00:00,391.293177089421
2014-10-19 00:00:00+00:00,388.684497954413
2014-10-20 00:00:00+00:00,381.190858562244
2014-10-21 00:00:00+00:00,385.204633541204
2014-10-22 00:00:00+00:00,380.778763296318
2014-10-23 00:00:00+00:00,357.344793103448
2014-10-24 00:00:00+00:00,357.48843395675
2014-10-25 00:00:00+00:00,345.811246639392
2014-10-26 00:00:00+00:00,353.081956165985
2014-10-27 00:00:00+00:00,350.015711864407
2014-10-28 00:00:00+00:00,354.653805084746
2014-10-29 00:00:00+00:00,333.599350087668
2014-10-30 00:00:00+00:00,344.609382232613
2014-10-31 00:00:00+00:00,337.182912624196
2014-11-01 00:00:00+00:00,324.371315020456
2014-11-02 00:00:00+00:00,324.248566627703
2014-11-03 00:00:00+00:00,325.361865575687
2014-11-04 00:00:00+00:00,329.657703974284
2014-11-05 00:00:00+00:00,338.805765341905
2014-11-06 00:00:00+00:00,349.689911747516
2014-11-07 00:00:00+00:00,342.133288135593
2014-11-08 00:00:00+00:00,345.716332554062
2014-11-09 00:00:00+00:00,363.610051724138
2014-11-10 00:00:00+00:00,365.502253945061
2014-11-11 00:00:00+00:00,367.825466978375
2014-11-12 00:00:00+00:00,422.591419637639
2014-11-13 00:00:00+00:00,421.914471654004
2014-11-14 00:00:00+00:00,398.388882817066
2014-11-15 00:00:00+00:00,377.993840736411
2014-11-16 00:00:00+00:00,390.205823495032
2014-11-17 00:00:00+00:00,387.501031560491
2014-11-18 00:00:00+00:00,373.864564582116
2014-11-19 00:00:00+00:00,377.613398012858
2014-11-20 00:00:00+00:00,356.181265341905
2014-11-21 00:00:00+00:00,350.748858854471
2014-11-22 00:00:00+00:00,352.455514611338
2014-11-23 00:00:00+00:00,367.773242255991
2014-11-24 00:00:00+00:00,376.994223845704
2014-11-25 00:00:00+00:00,376.755630040912
2014-11-26 00:00:00+00:00,367.530208065459
2014-11-27 00:00:00+00:00,369.530227352425
2014-11-28 00:00:00+00:00,377.896931911163
2014-11-29 00:00:00+00:00,376.07633547633
2014-11-30 00:00:00+00:00,378.690397136178
2014-12-01 00:00:00+00:00,379.111978959673
2014-12-02 00:00:00+00:00,382.946796317943
2014-12-03 00:00:00+00:00,375.916019286967
2014-12-04 00:00:00+00:00,368.845568088837
2014-12-05 00:00:00+00:00,378.428329631794
2014-12-06 00:00:00+00:00,375.13795119813
2014-12-07 00:00:00+00:00,376.639793103448
2014-12-08 00:00:00+00:00,363.215676797195
2014-12-09 00:00:00+00:00,351.106837814144
2014-12-10 00:00:00+00:00,347.881393921683
2014-12-11 00:00:00+00:00,348.593006136762
2014-12-12 00:00:00+00:00,353.190612507306
2014-12-13 00:00:00+00:00,349.242945061368
2014-12-14 00:00:00+00:00,356.07972150789
2014-12-15 00:00:00+00:00,347.095181472823
2014-12-16 00:00:00+00:00,328.613320280538
2014-12-17 00:00:00+00:00,320.297613383986
2014-12-18 00:00:00+00:00,313.511651179427
2014-12-19 00:00:00+00:00,318.242888661601
2014-12-20 00:00:00+00:00,330.065758328463
2014-12-21 00:00:00+00:00,320.992670075979
2014-12-22 00:00:00+00:00,331.842584453536
2014-12-23 00:00:00+00:00,336.084128579778
2014-12-24 00:00:00+00:00,323.032297779077
2014-12-25 00:00:00+00:00,318.996144360023
2014-12-26 00:00:00+00:00,329.210341905319
2014-12-27 00:00:00+00:00,315.968443892461
2014-12-28 00:00:00+00:00,317.010480420807
2014-12-29 00:00:00+00:00,313.065531560491
2014-12-30 00:00:00+00:00,310.442004091175
2014-12-31 00:00:00+00:00,320.662287258913
2015-01-01 00:00:00+00:00,314.77647194623
2015-01-02 00:00:00+00:00,315.942731735827
2015-01-03 00:00:00+00:00,285.647309760374
2015-01-04 00:00:00+00:00,263.334574810053
2015-01-05 00:00:00+00:00,275.003851548802
2015-01-06 00:00:00+00:00,287.549521040327
2015-01-07 00:00:00+00:00,297.535565166569
2015-01-08 00:00:00+00:00,284.342391876096
2015-01-09 00:00:00+00:00,292.501114552893
2015-01-10 00:00:00+00:00,276.230532144944
2015-01-11 00:00:00+00:00,268.755515488019
2015-01-12 00:00:00+00:00,268.617232028054
2015-01-13 00:00:00+00:00,224.108117767388
2015-01-14 00:00:00+00:00,175.637640561075
2015-01-15 00:00:00+00:00,212.341011396844
2015-01-16 00:00:00+00:00,207.595204850964
2015-01-17 00:00:00+00:00,199.824836645237
2015-01-18 00:00:00+00:00,211.132518410286
2015-01-19 00:00:00+00:00,216.894694915254
2015-01-20 00:00:00+00:00,211.919853886616
2015-01-21 00:00:00+00:00,227.904210403273
2015-01-22 00:00:00+00:00,233.647382817066
2015-01-23 00:00:00+00:00,233.132852425482
2015-01-24 00:00:00+00:00,249.08212390415
2015-01-25 00:00:00+00:00,254.51794126242
2015-01-26 00:00:00+00:00,273.952244886032
2015-01-27 00:00:00+00:00,264.753804500292
2015-01-28 00:00:00+00:00,235.735840444185
2015-01-29 00:00:00+00:00,233.957373465809
2015-01-30 00:00:00+00:00,228.896189947399
2015-01-31 00:00:00+00:00,217.332156049094
2015-02-01 00:00:00+00:00,227.111301285798
2015-02-02 00:00:00+00:00,240.092419929866
2015-02-03 00:00:00+00:00,227.775695791935
2015-02-04 00:00:00+00:00,226.781134132087
2015-02-05 00:00:00+00:00,217.011151081239
2015-02-06 00:00:00+00:00,222.724969316189
2015-02-07 00:00:00+00:00,228.647127410871
2015-02-08 00:00:00+00:00,224.035988895383
2015-02-09 00:00:00+00:00,220.768493863238
2015-02-10 00:00:00+00:00,220.888154295734
2015-02-11 00:00:00+00:00,219.495859731151
2015-02-12 00:00:00+00:00,222.583227936879
2015-02-13 00:00:00+00:00,236.555363822326
2015-02-14 00:00:00+00:00,257.627695791935
2015-02-15 00:00:00+00:00,234.445803039158
2015-02-16 00:00:00+00:00,235.086126826417
2015-02-17 00:00:00+00:00,243.905794272355
2015-02-18 00:00:00+00:00,235.995232320281
2015-02-19 00:00:00+00:00,241.872253945061
2015-02-20 00:00:00+00:00,245.530775277615
2015-02-21 00:00:00+00:00,245.596002630041
2015-02-22 00:00:00+00:00,236.690668322618
2015-02-23 00:00:00+00:00,239.066017825833
2015-02-24 00:00:00+00:00,239.869262127411
2015-02-25 00:00:00+00:00,238.236111046172
2015-02-26 00:00:00+00:00,237.044402396259
2015-02-27 00:00:00+00:00,255.116774400935
2015-02-28 00:00:00+00:00,254.948448568089
2015-03-01 00:00:00+00:00,260.651330800701
2015-03-02 00:00:00+00:00,276.322613676213
2015-03-03 00:00:00+00:00,282.705900935126
2015-03-04 00:00:00+00:00,273.447536528346
2015-03-05 00:00:00+00:00,276.268809175921
2015-03-06 00:00:00+00:00,273.31811484512
2015-03-07 00:00:00+00:00,276.403357393337
2015-03-08 00:00:00+00:00,275.338033898305
2015-03-09 00:00:00+00:00,290.130059029807
2015-03-10 00:00:00+00:00,292.320383109293
2015-03-11 00:00:00+00:00,296.693329339568
2015-03-12 00:00:00+00:00,295.800344827586
2015-03-13 00:00:00+00:00,285.911026300409
2015-03-14 00:00:00+00:00,283.608306253653
2015-03-15 00:00:00+00:00,287.270142022209
2015-03-16 00:00:00+00:00,291.392118059614
2015-03-17 00:00:00+00:00,285.248396551724
2015-03-18 00:00:00+00:00,257.286160140269
2015-03-19 00:00:00+00:00,262.092947983635
2015-03-20 00:00:00+00:00,262.966492109877
2015-03-21 00:00:00+00:00,261.18429748685
2015-03-22 00:00:00+00:00,268.899415838691
2015-03-23 00:00:00+00:00,266.777992986558
2015-03-24 00:00:00+00:00,246.835082992402
2015-03-25 00:00:00+00:00,246.719136762127
2015-03-26 00:00:00+00:00,249.532993571011
2015-03-27 00:00:00+00:00,247.378898305085
2015-03-28 00:00:00+00:00,253.23161396844
2015-03-29 00:00:00+00:00,242.967614260666
2015-03-30 00:00:00+00:00,248.336934541204
2015-03-31 00:00:00+00:00,244.712485680888
2015-04-01 00:00:00+00:00,247.185819403857
2015-04-02 00:00:00+00:00,253.630070426651
2015-04-03 00:00:00+00:00,254.83316364699
2015-04-04 00:00:00+00:00,253.945848626534
2015-04-05 00:00:00+00:00,261.112136177674
2015-04-06 00:00:00+00:00,256.367386908241
2015-04-07 00:00:00+00:00,254.831898012858
2015-04-08 00:00:00+00:00,245.825210403273
2015-04-09 00:00:00+00:00,243.860636177674
2015-04-10 00:00:00+00:00,235.871900642899
2015-04-11 00:00:00+00:00,237.40906779661
2015-04-12 00:00:00+00:00,237.141042372881
2015-04-13 00:00:00+00:00,225.505635885447
2015-04-14 00:00:00+00:00,219.757236703682
2015-04-15 00:00:00+00:00,223.313907948568
2015-04-16 00:00:00+00:00,228.493815312683
2015-04-17 00:00:00+00:00,222.785060198714
2015-04-18 00:00:00+00:00,223.398044126242
2015-04-19 00:00:00+00:00,223.284135300994
2015-04-20 00:00:00+00:00,224.894903565167
2015-04-21 00:00:00+00:00,234.939356516657
2015-04-22 00:00:00+00:00,233.822418760958
2015-04-23 00:00:00+00:00,235.933293687902
2015-04-24 00:00:00+00:00,231.458592343659
2015-04-25 00:00:00+00:00,226.445992986558
2015-04-26 00:00:00+00:00,220.503406779661
2015-04-27 00:00:00+00:00,227.325990356517
2015-04-28 00:00:00+00:00,225.549368790181
2015-04-29 00:00:00+00:00,225.66928842782
2015-04-30 00:00:00+00:00,236.327976037405
2015-05-01 00:00:00+00:00,232.746582700175
2015-05-02 00:00:00+00:00,235.540077147867
2015-05-03 00:00:00+00:00,240.464248977206
2015-05-04 00:00:00+00:00,238.976661309176
2015-05-05 00:00:00+00:00,236.02338340152
2015-05-06 00:00:00+00:00,229.481219300429
2015-05-07 00:00:00+00:00,237.130687317358
2015-05-08 00:00:00+00:00,244.383472822911
2015-05-09 00:00:00+00:00,242.705950029223
2015-05-10 00:00:00+00:00,240.731483927528
2015-05-11 00:00:00+00:00,242.24983722969
2015-05-12 00:00:00+00:00,242.209092051432
2015-05-13 00:00:00+00:00,236.550265926359
2015-05-14 00:00:00+00:00,236.948916715371
2015-05-15 00:00:00+00:00,237.484502337814
2015-05-16 00:00:00+00:00,235.812134424313
2015-05-17 00:00:00+00:00,236.963682933957
2015-05-18 00:00:00+00:00,232.88384961543
2015-05-19 00:00:00+00:00,231.974446814728
2015-05-20 00:00:00+00:00,234.190306253653
2015-05-21 00:00:00+00:00,235.553821741672
2015-05-22 00:00:00+00:00,240.323203682057
2015-05-23 00:00:00+00:00,238.963281706604
2015-05-24 00:00:00+00:00,240.711758328463
2015-05-25 00:00:00+00:00,237.003543249562
2015-05-26 00:00:00+00:00,236.796261250731
2015-05-27 00:00:00+00:00,237.203596434833
2015-05-28 00:00:00+00:00,236.956881940386
2015-05-29 00:00:00+00:00,236.646526592636
2015-05-30 00:00:00+00:00,232.788770017534
2015-05-31 00:00:00+00:00,229.45054792519
2015-06-01 00:00:00+00:00,223.282701928697
2015-06-02 00:00:00+00:00,225.320800993571
2015-06-03 00:00:00+00:00,225.213063413209
2015-06-04 00:00:00+00:00,223.54007685564
2015-06-05 00:00:00+00:00,224.731071887785
2015-06-06 00:00:00+00:00,225.160513150205
2015-06-07 00:00:00+00:00,223.411685856225
2015-06-08 00:00:00+00:00,228.774291350088
2015-06-09 00:00:00+00:00,229.370529514904
2015-06-10 00:00:00+00:00,228.588487434249
2015-06-11 00:00:00+00:00,229.584411747516
2015-06-12 00:00:00+00:00,229.811218510228
2015-06-13 00:00:00+00:00,233.015344535359
2015-06-14 00:00:00+00:00,232.507108708358
2015-06-15 00:00:00+00:00,236.7909628872
2015-06-16 00:00:00+00:00,251.432676797195
2015-06-17 00:00:00+00:00,247.969317650497
2015-06-18 00:00:00+00:00,249.012479544126
2015-06-19 00:00:00+00:00,244.803484219755
2015-06-20 00:00:00+00:00,245.582513150205
2015-06-21 00:00:00+00:00,244.300260081824
2015-06-22 00:00:00+00:00,247.017892460549
2015-06-23 00:00:00+00:00,244.184763296318
2015-06-24 00:00:00+00:00,240.451545295149
2015-06-25 00:00:00+00:00,242.347857685564
2015-06-26 00:00:00+00:00,242.967997369959
2015-06-27 00:00:00+00:00,251.529326709527
2015-06-28 00:00:00+00:00,249.058285797779
2015-06-29 00:00:00+00:00,256.65022238457
2015-06-30 00:00:00+00:00,263.854356864991
2015-07-01 00:00:00+00:00,258.042647574518
2015-07-02 00:00:00+00:00,254.747113383986
2015-07-03 00:00:00+00:00,256.087042833431
2015-07-04 00:00:00+00:00,260.50923962595
2015-07-05 00:00:00+00:00,271.302458211572
2015-07-06 00:00:00+00:00,269.137940093513
2015-07-07 00:00:00+00:00,266.469919053185
2015-07-08 00:00:00+00:00,270.576142898889
2015-07-09 00:00:00+00:00,269.680304792519
2015-07-10 00:00:00+00:00,285.558780829924
2015-07-11 00:00:00+00:00,293.917453828171
2015-07-12 00:00:00+00:00,311.481879894798
2015-07-13 00:00:00+00:00,292.649223845704
2015-07-14 00:00:00+00:00,287.740951490357
2015-07-15 00:00:00+00:00,285.922885447107
2015-07-16 00:00:00+00:00,278.532749269433
2015-07-17 00:00:00+00:00,280.064724722385
2015-07-18 00:00:00+00:00,277.354635300994
2015-07-19 00:00:00+00:00,275.281989479836
2015-07-20 00:00:00+00:00,279.114393045003
2015-07-21 00:00:00+00:00,276.652412624196
2015-07-22 00:00:00+00:00,277.764369082408
2015-07-23 00:00:00+00:00,276.811628579778
2015-07-24 00:00:00+00:00,289.305976329632
2015-07-25 00:00:00+00:00,289.507639976622
2015-07-26 00:00:00+00:00,293.314842781999
2015-07-27 00:00:00+00:00,294.426761835184
2015-07-28 00:00:00+00:00,295.410125268849
2015-07-29 00:00:00+00:00,289.85583635301
2015-07-30 00:00:00+00:00,288.236260666277
2015-07-31 00:00:00+00:00,284.597324371712
2015-08-01 00:00:00+00:00,281.66884628872
2015-08-02 00:00:00+00:00,282.423006428989
2015-08-03 00:00:00+00:00,282.185052308591
2015-08-04 00:00:00+00:00,285.286617475161
2015-08-05 00:00:00+00:00,282.338886908241
2015-08-06 00:00:00+00:00,278.99574868498
2015-08-07 00:00:00+00:00,279.488715078901
2015-08-08 00:00:00+00:00,261.450275569842
2015-08-09 00:00:00+00:00,266.342020455874
2015-08-10 00:00:00+00:00,264.928825248393
2015-08-11 00:00:00+00:00,271.421736119229
2015-08-12 00:00:00+00:00,268.143868497954
2015-08-13 00:00:00+00:00,264.691627995324
2015-08-14 00:00:00+00:00,266.355941554646
2015-08-15 00:00:00+00:00,261.936836645237
2015-08-16 00:00:00+00:00,258.930817389831
2015-08-17 00:00:00+00:00,258.009398305085
2015-08-18 00:00:00+00:00,217.885883116937
2015-08-19 00:00:00+00:00,227.218251899474
2015-08-20 00:00:00+00:00,235.523883109293
2015-08-21 00:00:00+00:00,232.80061783986
2015-08-22 00:00:00+00:00,230.639173290473
2015-08-23 00:00:00+00:00,228.673073933372
2015-08-24 00:00:00+00:00,211.955917592051
2015-08-25 00:00:00+00:00,222.655039450614
2015-08-26 00:00:00+00:00,226.116700175336
2015-08-27 00:00:00+00:00,224.939877264757
2015-08-28 00:00:00+00:00,232.17080829924
2015-08-29 00:00:00+00:00,229.826200175336
2015-08-30 00:00:00+00:00,229.019572472238
2015-08-31 00:00:00+00:00,230.689466101695
2015-09-01 00:00:00+00:00,227.955570426651
2015-09-02 00:00:00+00:00,229.502180709527
2015-09-03 00:00:00+00:00,227.107121566335
2015-09-04 00:00:00+00:00,231.177563413209
2015-09-05 00:00:00+00:00,235.903006136762
2015-09-06 00:00:00+00:00,240.805472238457
2015-09-07 00:00:00+00:00,240.6336157218
2015-09-08 00:00:00+00:00,244.174952659264
2015-09-09 00:00:00+00:00,238.722463179427
2015-09-10 00:00:00+00:00,238.750477206312
2015-09-11 00:00:00+00:00,240.845008116891
2015-09-12 00:00:00+00:00,236.351832176505
2015-09-13 00:00:00+00:00,230.548837317358
2015-09-14 00:00:00+00:00,230.948793980129
2015-09-15 00:00:00+00:00,230.398590005845
2015-09-16 00:00:00+00:00,229.043285797779
2015-09-17 00:00:00+00:00,233.202697837522
2015-09-18 00:00:00+00:00,233.175130917592
2015-09-19 00:00:00+00:00,232.241568088837
2015-09-20 00:00:00+00:00,231.362323787259
2015-09-21 00:00:00+00:00,226.773447983635
2015-09-22 00:00:00+00:00,230.626304792519
2015-09-23 00:00:00+00:00,230.132437755698
2015-09-24 00:00:00+00:00,234.319868497954
2015-09-25 00:00:00+00:00,235.538221800117
2015-09-26 00:00:00+00:00,234.591814436002
2015-09-27 00:00:00+00:00,233.243309760374
2015-09-28 00:00:00+00:00,240.017265341905
2015-09-29 00:00:00+00:00,237.336233781414
2015-09-30 00:00:00+00:00,236.739848042081
2015-10-01 00:00:00+00:00,238.229813851549
2015-10-02 00:00:00+00:00,237.937007305669
2015-10-03 00:00:00+00:00,239.735897720631
2015-10-04 00:00:00+00:00,239.516924897721
2015-10-05 00:00:00+00:00,240.961213833431
2015-10-06 00:00:00+00:00,246.940498246639
2015-10-07 00:00:00+00:00,243.734486849795
2015-10-08 00:00:00+00:00,243.029632963179
2015-10-09 00:00:00+00:00,244.448887492694
2015-10-10 00:00:00+00:00,245.955924313267
2015-10-11 00:00:00+00:00,248.528165400351
2015-10-12 00:00:00+00:00,246.093637346581
2015-10-13 00:00:00+00:00,250.471300701344
2015-10-14 00:00:00+00:00,253.142325540619
2015-10-15 00:00:00+00:00,254.693015002922
2015-10-16 00:00:00+00:00,262.737363237873
2015-10-17 00:00:00+00:00,271.930938924605
2015-10-18 00:00:00+00:00,263.481677381648
2015-10-19 00:00:00+00:00,264.362728229106
2015-10-20 00:00:00+00:00,270.832211864407
2015-10-21 00:00:00+00:00,268.040217708942
2015-10-22 00:00:00+00:00,275.414956458212
2015-10-23 00:00:00+00:00,278.612778026885
2015-10-24 00:00:00+00:00,283.61114289889
2015-10-25 00:00:00+00:00,286.04969345412
2015-10-26 00:00:00+00:00,286.703382817066
2015-10-27 00:00:00+00:00,295.562913793104
2015-10-28 00:00:00+00:00,304.442097019287
2015-10-29 00:00:00+00:00,314.879462302747
2015-10-30 00:00:00+00:00,328.492321157218
2015-10-31 00:00:00+00:00,314.119508182349
2015-11-01 00:00:00+00:00,329.854227644652
2015-11-02 00:00:00+00:00,364.616627995324
2015-11-03 00:00:00+00:00,400.923105201637
2015-11-04 00:00:00+00:00,405.481681472823
2015-11-05 00:00:00+00:00,384.341222969024
2015-11-06 00:00:00+00:00,372.975417884278
2015-11-07 00:00:00+00:00,386.504550847458
2015-11-08 00:00:00+00:00,372.400129748685
2015-11-09 00:00:00+00:00,380.495644360023
2015-11-10 00:00:00+00:00,337.830502337814
2015-11-11 00:00:00+00:00,308.922185856225
2015-11-12 00:00:00+00:00,337.522988603156
2015-11-13 00:00:00+00:00,337.278958211572
2015-11-14 00:00:00+00:00,333.047117475161
2015-11-15 00:00:00+00:00,319.928021624781
2015-11-16 00:00:00+00:00,331.132725014611
2015-11-17 00:00:00+00:00,335.849786090006
2015-11-18 00:00:00+00:00,335.744504967855
2015-11-19 00:00:00+00:00,326.232145528931
2015-11-20 00:00:00+00:00,321.940475452951
2015-11-21 00:00:00+00:00,325.905231151373
2015-11-22 00:00:00+00:00,323.716966101695
2015-11-23 00:00:00+00:00,323.012556341321
2015-11-24 00:00:00+00:00,319.961356527177
2015-11-25 00:00:00+00:00,328.960457334892
2015-11-26 00:00:00+00:00,356.255292518995
2015-11-27 00:00:00+00:00,359.268824371712
2015-11-28 00:00:00+00:00,356.567322618352
2015-11-29 00:00:00+00:00,371.707612507306
2015-11-30 00:00:00+00:00,377.389839859731
2015-12-01 00:00:00+00:00,362.532375803624
2015-12-02 00:00:00+00:00,359.22240414962
2015-12-03 00:00:00+00:00,361.210068088837
2015-12-04 00:00:00+00:00,363.241631794272
2015-12-05 00:00:00+00:00,389.362958796026
2015-12-06 00:00:00+00:00,393.319129748685
2015-12-07 00:00:00+00:00,395.346588252484
2015-12-08 00:00:00+00:00,413.798660432496
2015-12-09 00:00:00+00:00,417.632671244886
2015-12-10 00:00:00+00:00,415.729924313267
2015-12-11 00:00:00+00:00,453.86148012858
2015-12-12 00:00:00+00:00,435.85572238457
2015-12-13 00:00:00+00:00,434.403466393922
2015-12-14 00:00:00+00:00,442.991689655173
2015-12-15 00:00:00+00:00,464.617871712449
2015-12-16 00:00:00+00:00,454.142492402104
2015-12-17 00:00:00+00:00,456.240134611338
2015-12-18 00:00:00+00:00,463.175769725307
2015-12-19 00:00:00+00:00,461.399907948568
2015-12-20 00:00:00+00:00,442.15399006429
2015-12-21 00:00:00+00:00,437.640129456458
2015-12-22 00:00:00+00:00,435.268379018118
2015-12-23 00:00:00+00:00,442.665727060199
2015-12-24 00:00:00+00:00,455.878713033314
2015-12-25 00:00:00+00:00,455.718825832846
2015-12-26 00:00:00+00:00,418.221531560491
2015-12-27 00:00:00+00:00,422.705894506137
2015-12-28 00:00:00+00:00,421.052879602572
2015-12-29 00:00:00+00:00,431.340021332554
2015-12-30 00:00:00+00:00,426.043646990064
2015-12-31 00:00:00+00:00,429.677153419053
2016-01-01 00:00:00+00:00,434.678006428989
2016-01-02 00:00:00+00:00,434.439877264757
2016-01-03 00:00:00+00:00,430.136180011689
2016-01-04 00:00:00+00:00,433.44897106955
2016-01-05 00:00:00+00:00,432.669502630041
2016-01-06 00:00:00+00:00,430.677869666862
2016-01-07 00:00:00+00:00,459.208940093513
2016-01-08 00:00:00+00:00,454.134423728814
2016-01-09 00:00:00+00:00,449.845216247808
2016-01-10 00:00:00+00:00,448.580216247808
2016-01-11 00:00:00+00:00,449.033059029807
2016-01-12 00:00:00+00:00,441.768157218001
2016-01-13 00:00:00+00:00,432.310645236704
2016-01-14 00:00:00+00:00,429.823224722385
2016-01-15 00:00:00+00:00,367.823199883109
2016-01-16 00:00:00+00:00,388.071204558738
2016-01-17 00:00:00+00:00,382.482086499123
2016-01-18 00:00:00+00:00,384.865166569258
2016-01-19 00:00:00+00:00,378.161725014611
2016-01-20 00:00:00+00:00,420.622924168323
2016-01-21 00:00:00+00:00,409.298459672706
2016-01-22 00:00:00+00:00,381.046459380479
2016-01-23 00:00:00+00:00,386.370602571596
2016-01-24 00:00:00+00:00,403.446926651081
2016-01-25 00:00:00+00:00,391.986097311514
2016-01-26 00:00:00+00:00,391.142935125657
2016-01-27 00:00:00+00:00,394.62753037405
2016-01-28 00:00:00+00:00,378.900995616599
2016-01-29 00:00:00+00:00,378.99999482291
2016-01-30 00:00:00+00:00,377.262779076564
2016-01-31 00:00:00+00:00,366.341687609585
2016-02-01 00:00:00+00:00,371.22343509059
2016-02-02 00:00:00+00:00,372.927631209819
2016-02-03 00:00:00+00:00,368.098206604325
2016-02-04 00:00:00+00:00,389.723081239042
2016-02-05 00:00:00+00:00,384.398413983051
2016-02-06 00:00:00+00:00,374.631555523086
2016-02-07 00:00:00+00:00,375.153917592051
2016-02-08 00:00:00+00:00,370.814350327294
2016-02-09 00:00:00+00:00,373.5116128609
2016-02-10 00:00:00+00:00,379.082611630625
2016-02-11 00:00:00+00:00,377.639165108124
2016-02-12 00:00:00+00:00,382.294456458212
2016-02-13 00:00:00+00:00,389.598432472238
2016-02-14 00:00:00+00:00,406.150669491525
2016-02-15 00:00:00+00:00,399.26761864699
2016-02-16 00:00:00+00:00,407.035309468147
2016-02-17 00:00:00+00:00,415.324113383986
2016-02-18 00:00:00+00:00,421.289662981882
2016-02-19 00:00:00+00:00,419.626528541204
2016-02-20 00:00:00+00:00,440.195760081823
2016-02-21 00:00:00+00:00,438.718612681473
2016-02-22 00:00:00+00:00,437.535295094097
2016-02-23 00:00:00+00:00,420.032592609585
2016-02-24 00:00:00+00:00,423.995112507306
2016-02-25 00:00:00+00:00,424.090870251315
2016-02-26 00:00:00+00:00,431.762241963764
2016-02-27 00:00:00+00:00,432.947845996493
2016-02-28 00:00:00+00:00,433.102262711864
2016-02-29 00:00:00+00:00,437.775872589129
2016-03-01 00:00:00+00:00,432.807867153711
2016-03-02 00:00:00+00:00,423.079789392168
2016-03-03 00:00:00+00:00,419.268821332554
2016-03-04 00:00:00+00:00,407.990154295734
2016-03-05 00:00:00+00:00,397.314453945061
2016-03-06 00:00:00+00:00,403.705187463472
2016-03-07 00:00:00+00:00,413.22936616014
2016-03-08 00:00:00+00:00,411.425953243717
2016-03-09 00:00:00+00:00,412.540703506721
2016-03-10 00:00:00+00:00,416.340928696669
2016-03-11 00:00:00+00:00,419.511934248977
2016-03-12 00:00:00+00:00,410.264163296318
2016-03-13 00:00:00+00:00,411.805882466394
2016-03-14 00:00:00+00:00,415.026957276446
2016-03-15 00:00:00+00:00,415.266400292227
2016-03-16 00:00:00+00:00,417.024118468732
2016-03-17 00:00:00+00:00,418.605363822326
2016-03-18 00:00:00+00:00,408.901587405026
2016-03-19 00:00:00+00:00,409.124429865576
2016-03-20 00:00:00+00:00,412.056953828171
2016-03-21 00:00:00+00:00,411.601774050263
2016-03-22 00:00:00+00:00,416.581653828171
2016-03-23 00:00:00+00:00,417.378299532437
2016-03-24 00:00:00+00:00,413.560239918177
2016-03-25 00:00:00+00:00,416.373243834015
2016-03-26 00:00:00+00:00,416.823096668615
2016-03-27 00:00:00+00:00,425.454959848042
2016-03-28 00:00:00+00:00,422.917446814728
2016-03-29 00:00:00+00:00,415.863828755114
2016-03-30 00:00:00+00:00,412.777697779076
2016-03-31 00:00:00+00:00,415.956811221508
2016-04-01 00:00:00+00:00,417.20066025716
2016-04-02 00:00:00+00:00,419.763056691993
2016-04-03 00:00:00+00:00,420.073578901227
2016-04-04 00:00:00+00:00,419.540727878434
2016-04-05 00:00:00+00:00,422.50136440678
2016-04-06 00:00:00+00:00,421.907191233197
2016-04-07 00:00:00+00:00,421.467220046756
2016-04-08 00:00:00+00:00,418.643460549386
2016-04-09 00:00:00+00:00,418.758635359439
2016-04-10 00:00:00+00:00,421.954488544711
2016-04-11 00:00:00+00:00,423.273044009351
2016-04-12 00:00:00+00:00,427.427664582116
2016-04-13 00:00:00+00:00,424.87251811806
2016-04-14 00:00:00+00:00,425.8565949737
2016-04-15 00:00:00+00:00,430.724418760959
2016-04-16 00:00:00+00:00,432.216313033314
2016-04-17 00:00:00+00:00,429.339968731736
2016-04-18 00:00:00+00:00,429.656933664524
2016-04-19 00:00:00+00:00,437.568726183518
2016-04-20 00:00:00+00:00,442.661653302163
2016-04-21 00:00:00+00:00,452.164702805377
2016-04-22 00:00:00+00:00,448.134421332554
2016-04-23 00:00:00+00:00,453.914722969024
2016-04-24 00:00:00+00:00,463.382871420222
2016-04-25 00:00:00+00:00,465.31600666277
2016-04-26 00:00:00+00:00,469.60876452367
2016-04-27 00:00:00+00:00,445.741113091759
2016-04-28 00:00:00+00:00,451.060061776739
2016-04-29 00:00:00+00:00,457.009965225015
2016-04-30 00:00:00+00:00,449.900484511981
2016-05-01 00:00:00+00:00,455.010731151374
2016-05-02 00:00:00+00:00,444.933061192285
2016-05-03 00:00:00+00:00,451.628850379895
2016-05-04 00:00:00+00:00,448.367967562829
2016-05-05 00:00:00+00:00,449.336072472238
2016-05-06 00:00:00+00:00,461.693862361192
2016-05-07 00:00:00+00:00,461.361842489772
2016-05-08 00:00:00+00:00,461.378872296902
2016-05-09 00:00:00+00:00,463.462231677382
2016-05-10 00:00:00+00:00,451.079668322618
2016-05-11 00:00:00+00:00,453.896305260082
2016-05-12 00:00:00+00:00,455.607255932203
2016-05-13 00:00:00+00:00,457.241902688486
2016-05-14 00:00:00+00:00,458.119524839275
2016-05-15 00:00:00+00:00,460.85772063121
2016-05-16 00:00:00+00:00,455.224077323203
2016-05-17 00:00:00+00:00,453.545777030976
2016-05-18 00:00:00+00:00,454.486184102864
2016-05-19 00:00:00+00:00,437.724187142022
2016-05-20 00:00:00+00:00,442.396799240211
2016-05-21 00:00:00+00:00,444.078207188778
2016-05-22 00:00:00+00:00,440.558668848627
2016-05-23 00:00:00+00:00,444.205057276447
2016-05-24 00:00:00+00:00,445.674454938632
2016-05-25 00:00:00+00:00,450.54952717709
2016-05-26 00:00:00+00:00,454.43372238457
2016-05-27 00:00:00+00:00,471.820117299825
2016-05-28 00:00:00+00:00,530.910597895967
2016-05-29 00:00:00+00:00,527.54971244886
2016-05-30 00:00:00+00:00,533.493149035652
2016-05-31 00:00:00+00:00,530.943692811221
2016-06-01 00:00:00+00:00,537.613678842782
2016-06-02 00:00:00+00:00,538.771243191116
2016-06-03 00:00:00+00:00,570.175988252484
2016-06-04 00:00:00+00:00,574.26620163647
2016-06-05 00:00:00+00:00,575.137638047925
2016-06-06 00:00:00+00:00,585.857149035652
2016-06-07 00:00:00+00:00,578.469240677966
2016-06-08 00:00:00+00:00,583.097585330216
2016-06-09 00:00:00+00:00,577.101699707773
2016-06-10 00:00:00+00:00,579.814993571011
2016-06-11 00:00:00+00:00,605.44955698422
2016-06-12 00:00:00+00:00,670.39237434249
2016-06-13 00:00:00+00:00,704.321778141438
2016-06-14 00:00:00+00:00,684.948319403857
2016-06-15 00:00:00+00:00,695.001468439509
2016-06-16 00:00:00+00:00,767.420031268264
2016-06-17 00:00:00+00:00,750.014633927528
2016-06-18 00:00:00+00:00,758.28878012858
2016-06-19 00:00:00+00:00,766.767132670952
2016-06-20 00:00:00+00:00,722.497452367037
2016-06-21 00:00:00+00:00,669.604204675628
2016-06-22 00:00:00+00:00,594.832974634716
2016-06-23 00:00:00+00:00,627.677855639977
2016-06-24 00:00:00+00:00,664.126985680889
2016-06-25 00:00:00+00:00,668.872684102864
2016-06-26 00:00:00+00:00,630.4342421391
2016-06-27 00:00:00+00:00,652.244807714787
2016-06-28 00:00:00+00:00,647.218768381064
2016-06-29 00:00:00+00:00,638.586345645821
2016-06-30 00:00:00+00:00,674.284814728229
2016-07-01 00:00:00+00:00,677.512385739334
2016-07-02 00:00:00+00:00,702.739316773817
2016-07-03 00:00:00+00:00,662.55008591467
2016-07-04 00:00:00+00:00,679.842453360608
2016-07-05 00:00:00+00:00,668.165981297487
2016-07-06 00:00:00+00:00,677.651333138515
2016-07-07 00:00:00+00:00,640.053236119229
2016-07-08 00:00:00+00:00,665.051708357685
2016-07-09 00:00:00+00:00,651.941914026885
2016-07-10 00:00:00+00:00,649.959340970193
2016-07-11 00:00:00+00:00,650.272594681473
2016-07-12 00:00:00+00:00,670.023127995324
2016-07-13 00:00:00+00:00,658.333613383986
2016-07-14 00:00:00+00:00,660.905960198714
2016-07-15 00:00:00+00:00,666.758671127995
2016-07-16 00:00:00+00:00,665.275622150789
2016-07-17 00:00:00+00:00,681.089601987142
2016-07-18 00:00:00+00:00,675.118579193454
2016-07-19 00:00:00+00:00,674.660360315605
2016-07-20 00:00:00+00:00,667.305364874343
2016-07-21 00:00:00+00:00,666.851739333723
2016-07-22 00:00:00+00:00,650.562911630625
2016-07-23 00:00:00+00:00,657.377942957335
2016-07-24 00:00:00+00:00,661.393979836353
2016-07-25 00:00:00+00:00,655.119577849211
2016-07-26 00:00:00+00:00,654.626339158387
2016-07-27 00:00:00+00:00,656.275146873174
2016-07-28 00:00:00+00:00,656.196453360608
2016-07-29 00:00:00+00:00,657.557567504383
2016-07-30 00:00:00+00:00,655.361730157803
2016-07-31 00:00:00+00:00,624.804487142022
2016-08-01 00:00:00+00:00,606.50924792519
2016-08-02 00:00:00+00:00,526.981148334307
2016-08-03 00:00:00+00:00,570.347040911748
2016-08-04 00:00:00+00:00,583.542158036236
2016-08-05 00:00:00+00:00,581.279805669199
2016-08-06 00:00:00+00:00,590.795402980713
2016-08-07 00:00:00+00:00,594.73232402104
2016-08-08 00:00:00+00:00,591.629283869083
2016-08-09 00:00:00+00:00,587.932138223261
2016-08-10 00:00:00+00:00,589.968758328463
2016-08-11 00:00:00+00:00,589.585884687317
2016-08-12 00:00:00+00:00,587.19164956166
2016-08-13 00:00:00+00:00,585.363581648159
2016-08-14 00:00:00+00:00,571.387062536528
2016-08-15 00:00:00+00:00,566.564441320865
2016-08-16 00:00:00+00:00,578.414924137931
2016-08-17 00:00:00+00:00,573.663744418469
2016-08-18 00:00:00+00:00,573.263191992987
2016-08-19 00:00:00+00:00,573.958457919345
2016-08-20 00:00:00+00:00,581.797070134424
2016-08-21 00:00:00+00:00,580.79219257744
2016-08-22 00:00:00+00:00,584.971897720631
2016-08-23 00:00:00+00:00,582.627747399182
2016-08-24 00:00:00+00:00,578.701831677382
2016-08-25 00:00:00+00:00,576.033436586791
2016-08-26 00:00:00+00:00,578.874653419053
2016-08-27 00:00:00+00:00,570.200993746347
2016-08-28 00:00:00+00:00,575.105232554062
2016-08-29 00:00:00+00:00,573.429267562829
2016-08-30 00:00:00+00:00,575.695698421976
2016-08-31 00:00:00+00:00,572.272758328463
2016-09-01 00:00:00+00:00,572.221702045587
2016-09-02 00:00:00+00:00,576.846767387493
2016-09-03 00:00:00+00:00,600.374406779661
2016-09-04 00:00:00+00:00,610.538913325541
2016-09-05 00:00:00+00:00,607.526964172998
2016-09-06 00:00:00+00:00,612.995458270017
2016-09-07 00:00:00+00:00,615.659819111631
2016-09-08 00:00:00+00:00,630.550172004676
2016-09-09 00:00:00+00:00,622.977884044418
2016-09-10 00:00:00+00:00,624.752640444185
2016-09-11 00:00:00+00:00,608.246675920514
2016-09-12 00:00:00+00:00,607.70737270602
2016-09-13 00:00:00+00:00,608.694296317943
2016-09-14 00:00:00+00:00,609.41308766803
2016-09-15 00:00:00+00:00,607.070262594974
2016-09-16 00:00:00+00:00,607.806438047925
2016-09-17 00:00:00+00:00,607.381449678551
2016-09-18 00:00:00+00:00,611.533460315605
2016-09-19 00:00:00+00:00,608.871306312098
2016-09-20 00:00:00+00:00,608.371748626534
2016-09-21 00:00:00+00:00,596.945756633548
2016-09-22 00:00:00+00:00,595.564716540035
2016-09-23 00:00:00+00:00,602.378784921099
2016-09-24 00:00:00+00:00,602.687359731151
2016-09-25 00:00:00+00:00,600.610054880187
2016-09-26 00:00:00+00:00,606.778810637055
2016-09-27 00:00:00+00:00,605.151613734658
2016-09-28 00:00:00+00:00,604.686494389246
2016-09-29 00:00:00+00:00,605.202561952075
2016-09-30 00:00:00+00:00,608.865840736412
2016-10-01 00:00:00+00:00,615.408478842782
2016-10-02 00:00:00+00:00,611.748578316774
2016-10-03 00:00:00+00:00,612.590347399182
2016-10-04 00:00:00+00:00,610.007881355932
2016-10-05 00:00:00+00:00,612.147780946815
2016-10-06 00:00:00+00:00,611.76086277031
2016-10-07 00:00:00+00:00,617.905705143191
2016-10-08 00:00:00+00:00,619.301001753361
2016-10-09 00:00:00+00:00,617.101041320865
2016-10-10 00:00:00+00:00,618.0852
2016-10-11 00:00:00+00:00,642.981387258913
2016-10-12 00:00:00+00:00,636.59793220339
2016-10-13 00:00:00+00:00,635.444095324372
2016-10-14 00:00:00+00:00,639.586090298071
2016-10-15 00:00:00+00:00,637.283759322034
2016-10-16 00:00:00+00:00,642.913042548217
2016-10-17 00:00:00+00:00,639.137536469901
2016-10-18 00:00:00+00:00,635.576508591467
2016-10-19 00:00:00+00:00,629.640708036236
2016-10-20 00:00:00+00:00,628.598901110462
2016-10-21 00:00:00+00:00,630.90620338983
2016-10-22 00:00:00+00:00,654.508630976037
2016-10-23 00:00:00+00:00,651.961956750438
2016-10-24 00:00:00+00:00,650.027167153711
2016-10-25 00:00:00+00:00,655.792505084746
2016-10-26 00:00:00+00:00,675.109869316189
2016-10-27 00:00:00+00:00,686.523327060199
2016-10-28 00:00:00+00:00,690.390654938632
2016-10-29 00:00:00+00:00,715.445469316189
2016-10-30 00:00:00+00:00,699.333410987726
2016-10-31 00:00:00+00:00,698.897727995325
2016-11-01 00:00:00+00:00,730.578480011689
2016-11-02 00:00:00+00:00,740.367055523086
2016-11-03 00:00:00+00:00,689.939206954997
2016-11-04 00:00:00+00:00,705.432016656926
2016-11-05 00:00:00+00:00,706.819325569842
2016-11-06 00:00:00+00:00,715.896879777908
2016-11-07 00:00:00+00:00,706.181216773816
2016-11-08 00:00:00+00:00,711.835846580947
2016-11-09 00:00:00+00:00,721.50150993571
2016-11-10 00:00:00+00:00,713.407615604909
2016-11-11 00:00:00+00:00,715.703310637055
2016-11-12 00:00:00+00:00,703.847551139685
2016-11-13 00:00:00+00:00,703.626435300994
2016-11-14 00:00:00+00:00,705.643584161309
2016-11-15 00:00:00+00:00,712.3471528346
2016-11-16 00:00:00+00:00,742.050117592051
2016-11-17 00:00:00+00:00,735.318080537697
2016-11-18 00:00:00+00:00,749.57872729398
2016-11-19 00:00:00+00:00,751.213819403858
2016-11-20 00:00:00+00:00,730.350813617767
2016-11-21 00:00:00+00:00,736.506983927528
2016-11-22 00:00:00+00:00,747.997677966102
2016-11-23 00:00:00+00:00,741.240317942724
2016-11-24 00:00:00+00:00,737.35497597896
2016-11-25 00:00:00+00:00,739.685200175336
2016-11-26 00:00:00+00:00,734.652925891292
2016-11-27 00:00:00+00:00,727.741115838691
2016-11-28 00:00:00+00:00,730.082483752192
2016-11-29 00:00:00+00:00,731.646435710111
2016-11-30 00:00:00+00:00,742.20445131502
2016-12-01 00:00:00+00:00,753.674910111046
2016-12-02 00:00:00+00:00,772.302382729398
2016-12-03 00:00:00+00:00,766.110468147283
2016-12-04 00:00:00+00:00,766.380139099942
2016-12-05 00:00:00+00:00,752.670726241964
2016-12-06 00:00:00+00:00,759.117325774401
2016-12-07 00:00:00+00:00,764.987650087668
2016-12-08 00:00:00+00:00,767.659224634717
2016-12-09 00:00:00+00:00,771.902321098773
2016-12-10 00:00:00+00:00,775.474561309176
2016-12-11 00:00:00+00:00,770.496150496786
2016-12-12 00:00:00+00:00,778.506599064874
2016-12-13 00:00:00+00:00,778.930694564582
2016-12-14 00:00:00+00:00,776.963961484512
2016-12-15 00:00:00+00:00,776.176781998831
2016-12-16 00:00:00+00:00,782.230215897136
2016-12-17 00:00:00+00:00,789.60293220339
2016-12-18 00:00:00+00:00,790.632966526008
2016-12-19 00:00:00+00:00,790.279031677382
2016-12-20 00:00:00+00:00,799.777520748101
2016-12-21 00:00:00+00:00,828.4836792519
2016-12-22 00:00:00+00:00,858.50143395675
2016-12-23 00:00:00+00:00,915.562438340152
2016-12-24 00:00:00+00:00,891.155272063121
2016-12-25 00:00:00+00:00,896.003279310345
2016-12-26 00:00:00+00:00,903.201246639392
2016-12-27 00:00:00+00:00,925.950810461719
2016-12-28 00:00:00+00:00,979.960973991818
2016-12-29 00:00:00+00:00,973.462559438925
2016-12-30 00:00:00+00:00,961.182658153127
2016-12-31 00:00:00+00:00,968.970597019287
2017-01-01 00:00:00+00:00,997.257357977791
2017-01-02 00:00:00+00:00,1017.07788609001
2017-01-03 00:00:00+00:00,1032.60905318527
2017-01-04 00:00:00+00:00,1134.49644535359
2017-01-05 00:00:00+00:00,1000.49812893045
2017-01-06 00:00:00+00:00,892.463955639977
2017-01-07 00:00:00+00:00,903.453283635301
2017-01-08 00:00:00+00:00,912.484997077732
2017-01-09 00:00:00+00:00,903.508666803039
2017-01-10 00:00:00+00:00,906.498947399182
2017-01-11 00:00:00+00:00,788.314655990649
2017-01-12 00:00:00+00:00,807.109833547633
2017-01-13 00:00:00+00:00,826.746927410871
2017-01-14 00:00:00+00:00,820.045157276447
2017-01-15 00:00:00+00:00,824.547065166569
2017-01-16 00:00:00+00:00,830.838035067212
2017-01-17 00:00:00+00:00,906.026828112215
2017-01-18 00:00:00+00:00,881.259815371128
2017-01-19 00:00:00+00:00,902.263869959088
2017-01-20 00:00:00+00:00,895.174516189363
2017-01-21 00:00:00+00:00,924.46825949737
2017-01-22 00:00:00+00:00,922.467077381648
2017-01-23 00:00:00+00:00,919.115744126242
2017-01-24 00:00:00+00:00,887.743193804792
2017-01-25 00:00:00+00:00,895.690033255406
2017-01-26 00:00:00+00:00,916.6674685564
2017-01-27 00:00:00+00:00,920.454463471654
2017-01-28 00:00:00+00:00,922.774948568089
2017-01-29 00:00:00+00:00,915.63202314436
2017-01-30 00:00:00+00:00,920.313260783168
2017-01-31 00:00:00+00:00,968.499105669199
2017-02-01 00:00:00+00:00,987.532590414962
2017-02-02 00:00:00+00:00,1007.7043659848
2017-02-03 00:00:00+00:00,1015.30203945061
2017-02-04 00:00:00+00:00,1033.78597299825
2017-02-05 00:00:00+00:00,1014.56787574518
2017-02-06 00:00:00+00:00,1023.3174811806
2017-02-07 00:00:00+00:00,1053.62445902981
2017-02-08 00:00:00+00:00,1052.36764535359
2017-02-09 00:00:00+00:00,982.751939450614
2017-02-10 00:00:00+00:00,996.650153126827
2017-02-11 00:00:00+00:00,1011.37532220923
2017-02-12 00:00:00+00:00,1006.29646487434
2017-02-13 00:00:00+00:00,999.953184979545
2017-02-14 00:00:00+00:00,1012.2134635301
2017-02-15 00:00:00+00:00,1013.90384050263
2017-02-16 00:00:00+00:00,1036.80686475745
2017-02-17 00:00:00+00:00,1058.66992033898
2017-02-18 00:00:00+00:00,1060.66880488019
2017-02-19 00:00:00+00:00,1058.78640035067
2017-02-20 00:00:00+00:00,1088.68842922268
2017-02-21 00:00:00+00:00,1128.85529316189
2017-02-22 00:00:00+00:00,1129.70179064874
2017-02-23 00:00:00+00:00,1188.86178550555
2017-02-24 00:00:00+00:00,1185.48889158387
2017-02-25 00:00:00+00:00,1151.60473687902
2017-02-26 00:00:00+00:00,1181.71086586791
2017-02-27 00:00:00+00:00,1194.15245014611
2017-02-28 00:00:00+00:00,1188.39994073641
2017-03-01 00:00:00+00:00,1228.45965061368
2017-03-02 00:00:00+00:00,1262.93146738749
2017-03-03 00:00:00+00:00,1289.36319111631
2017-03-04 00:00:00+00:00,1268.94066440678
2017-03-05 00:00:00+00:00,1276.27368293396
2017-03-06 00:00:00+00:00,1282.25465663355
2017-03-07 00:00:00+00:00,1234.47646206897
2017-03-08 00:00:00+00:00,1152.13938924606
2017-03-09 00:00:00+00:00,1193.45552659264
2017-03-10 00:00:00+00:00,1098.53014903565
2017-03-11 00:00:00+00:00,1176.822921391
2017-03-12 00:00:00+00:00,1231.74835663355
2017-03-13 00:00:00+00:00,1239.39629631794
2017-03-14 00:00:00+00:00,1246.53656487434
2017-03-15 00:00:00+00:00,1258.65138147282
2017-03-16 00:00:00+00:00,1178.02075037989
2017-03-17 00:00:00+00:00,1072.08253816482
2017-03-18 00:00:00+00:00,962.569056165985
2017-03-19 00:00:00+00:00,1020.22025353594
2017-03-20 00:00:00+00:00,1037.7563458796
2017-03-21 00:00:00+00:00,1111.81826358854
2017-03-22 00:00:00+00:00,1037.30257013442
2017-03-23 00:00:00+00:00,1028.17285628288
2017-03-24 00:00:00+00:00,935.063496201052
2017-03-25 00:00:00+00:00,968.543329281122
2017-03-26 00:00:00+00:00,962.95805458796
2017-03-27 00:00:00+00:00,1042.91919777908
2017-03-28 00:00:00+00:00,1045.16293161894
2017-03-29 00:00:00+00:00,1039.68861578025
2017-03-30 00:00:00+00:00,1037.98766142607
2017-03-31 00:00:00+00:00,1081.74353109293
2017-04-01 00:00:00+00:00,1089.52477182934
2017-04-02 00:00:00+00:00,1105.56295575687
2017-04-03 00:00:00+00:00,1144.6647710111
2017-04-04 00:00:00+00:00,1141.92191870251
2017-04-05 00:00:00+00:00,1135.81164377557
2017-04-06 00:00:00+00:00,1194.59645938048
2017-04-07 00:00:00+00:00,1191.73145108124
2017-04-08 00:00:00+00:00,1184.41772033898
2017-04-09 00:00:00+00:00,1213.63413980129
2017-04-10 00:00:00+00:00,1211.64987621274
2017-04-11 00:00:00+00:00,1229.78493290473
2017-04-12 00:00:00+00:00,1216.11436785506
2017-04-13 00:00:00+00:00,1172.5583396844
2017-04-14 00:00:00+00:00,1174.33323354763
2017-04-15 00:00:00+00:00,1175.56218901227
2017-04-16 00:00:00+00:00,1173.6913798948
2017-04-17 00:00:00+00:00,1191.90120146113
2017-04-18 00:00:00+00:00,1202.13145803624
2017-04-19 00:00:00+00:00,1209.56090888369
2017-04-20 00:00:00+00:00,1235.80307451783
2017-04-21 00:00:00+00:00,1247.33607025132
2017-04-22 00:00:00+00:00,1243.55039257744
2017-04-23 00:00:00+00:00,1250.00148322618
2017-04-24 00:00:00+00:00,1257.23944225599
2017-04-25 00:00:00+00:00,1279.86471741672
2017-04-26 00:00:00+00:00,1296.48545745178
2017-04-27 00:00:00+00:00,1345.8899556692
2017-04-28 00:00:00+00:00,1347.98515552309
2017-04-29 00:00:00+00:00,1357.71525341905
2017-04-30 00:00:00+00:00,1381.9563722969
2017-05-01 00:00:00+00:00,1436.9414880187
2017-05-02 00:00:00+00:00,1463.81906846873
2017-05-03 00:00:00+00:00,1519.40894447691
2017-05-04 00:00:00+00:00,1539.8300515488
2017-05-05 00:00:00+00:00,1529.85044301578
2017-05-06 00:00:00+00:00,1573.28550961426
2017-05-07 00:00:00+00:00,1526.26777171245
2017-05-08 00:00:00+00:00,1685.08649631794
2017-05-09 00:00:00+00:00,1719.22801355932
2017-05-10 00:00:00+00:00,1782.499
2017-05-11 00:00:00+00:00,1835.48754821742
2017-05-12 00:00:00+00:00,1704.66164108708
2017-05-13 00:00:00+00:00,1779.84025669199
2017-05-14 00:00:00+00:00,1794.59355055523
2017-05-15 00:00:00+00:00,1736.88284611338
2017-05-16 00:00:00+00:00,1757.02694856809
2017-05-17 00:00:00+00:00,1808.74606469901
2017-05-18 00:00:00+00:00,1894.24726455289
2017-05-19 00:00:00+00:00,1967.54554769141
2017-05-20 00:00:00+00:00,2048.11767799532
2017-05-21 00:00:00+00:00,2045.22249316189
2017-05-22 00:00:00+00:00,2078.94350002922
2017-05-23 00:00:00+00:00,2257.28836382233
2017-05-24 00:00:00+00:00,2415.00722665108
2017-05-25 00:00:00+00:00,2319.60137866745
2017-05-26 00:00:00+00:00,2279.4185836353
2017-05-27 00:00:00+00:00,2044.30049982466
2017-05-28 00:00:00+00:00,2225.7008666277
2017-05-29 00:00:00+00:00,2284.71579748685
2017-05-30 00:00:00+00:00,2167.26447790766
2017-05-31 00:00:00+00:00,2299.43261025716
2017-06-01 00:00:00+00:00,2399.88763194039
2017-06-02 00:00:00+00:00,2479.4238943308
2017-06-03 00:00:00+00:00,2549.55195151958
2017-06-04 00:00:00+00:00,2524.99383354763
2017-06-05 00:00:00+00:00,2685.31891671537
2017-06-06 00:00:00+00:00,2871.34167735243
2017-06-07 00:00:00+00:00,2706.76000885447
2017-06-08 00:00:00+00:00,2802.56354681473
2017-06-09 00:00:00+00:00,2804.87226691993
2017-06-10 00:00:00+00:00,2916.3278597896
2017-06-11 00:00:00+00:00,2974.21455920514
2017-06-12 00:00:00+00:00,2665.43326995909
2017-06-13 00:00:00+00:00,2707.13782402104
2017-06-14 00:00:00+00:00,2443.82445137347
2017-06-15 00:00:00+00:00,2409.886764173
2017-06-16 00:00:00+00:00,2476.35909538282
2017-06-17 00:00:00+00:00,2652.75536335476
2017-06-18 00:00:00+00:00,2508.21420742256
2017-06-19 00:00:00+00:00,2589.64221338399
2017-06-20 00:00:00+00:00,2733.22655628288
2017-06-21 00:00:00+00:00,2639.26131420222
2017-06-22 00:00:00+00:00,2686.64751431911
2017-06-23 00:00:00+00:00,2685.87047101111
2017-06-24 00:00:00+00:00,2562.18914874342
2017-06-25 00:00:00+00:00,2497.72894137931
2017-06-26 00:00:00+00:00,2426.36505119813
2017-06-27 00:00:00+00:00,2530.34553600234
2017-06-28 00:00:00+00:00,2562.79226420222
2017-06-29 00:00:00+00:00,2540.44303161894
2017-06-30 00:00:00+00:00,2452.71206428989
2017-07-01 00:00:00+00:00,2412.3662131502
2017-07-02 00:00:00+00:00,2518.8721873758
2017-07-03 00:00:00+00:00,2551.92743173583
2017-07-04 00:00:00+00:00,2599.74474991233
2017-07-05 00:00:00+00:00,2608.10489117475
2017-07-06 00:00:00+00:00,2603.19547369959
2017-07-07 00:00:00+00:00,2495.78092220923
2017-07-08 00:00:00+00:00,2553.4941581239
2017-07-09 00:00:00+00:00,2506.17321355932
2017-07-10 00:00:00+00:00,2319.36689736996
2017-07-11 00:00:00+00:00,2319.16744061952
2017-07-12 00:00:00+00:00,2374.88626645237
2017-07-13 00:00:00+00:00,2343.73834824664
2017-07-14 00:00:00+00:00,2214.82523728814
2017-07-15 00:00:00+00:00,1989.63319023963
2017-07-16 00:00:00+00:00,1910.74954161309
2017-07-17 00:00:00+00:00,2215.74629614261
2017-07-18 00:00:00+00:00,2303.7611458796
2017-07-19 00:00:00+00:00,2257.06523588545
2017-07-20 00:00:00+00:00,2823.89792635885
2017-07-21 00:00:00+00:00,2666.1397182934
2017-07-22 00:00:00+00:00,2829.75405496786
2017-07-23 00:00:00+00:00,2753.24386493279
2017-07-24 00:00:00+00:00,2755.1595242256
2017-07-25 00:00:00+00:00,2558.69299894798
2017-07-26 00:00:00+00:00,2522.32464628872
2017-07-27 00:00:00+00:00,2665.14754649328
2017-07-28 00:00:00+00:00,2793.83348486265
2017-07-29 00:00:00+00:00,2706.4507654588
2017-07-30 00:00:00+00:00,2749.3845277031
2017-07-31 00:00:00+00:00,2862.61129088252
2017-08-01 00:00:00+00:00,2727.38918199883
2017-08-02 00:00:00+00:00,2690.14567197545
2017-08-03 00:00:00+00:00,2789.74631244886
2017-08-04 00:00:00+00:00,2860.27284324956
2017-08-05 00:00:00+00:00,3237.42336329632
2017-08-06 00:00:00+00:00,3230.11670894214
2017-08-07 00:00:00+00:00,3392.56241864407
2017-08-08 00:00:00+00:00,3425.67661659848
2017-08-09 00:00:00+00:00,3347.21543161894
2017-08-10 00:00:00+00:00,3437.03215546464
2017-08-11 00:00:00+00:00,3660.52053728813
2017-08-12 00:00:00+00:00,3871.08240619521
2017-08-13 00:00:00+00:00,4063.80105271771
2017-08-14 00:00:00+00:00,4304.60393120982
2017-08-15 00:00:00+00:00,4160.0305458796
2017-08-16 00:00:00+00:00,4364.67857463472
2017-08-17 00:00:00+00:00,4308.51686142607
2017-08-18 00:00:00+00:00,4108.50716218586
2017-08-19 00:00:00+00:00,4160.33245686733
2017-08-20 00:00:00+00:00,4085.8103943308
2017-08-21 00:00:00+00:00,3992.62603524255
2017-08-22 00:00:00+00:00,4074.33046125073
2017-08-23 00:00:00+00:00,4146.9153452367
2017-08-24 00:00:00+00:00,4325.81642799532
2017-08-25 00:00:00+00:00,4353.13177255991
2017-08-26 00:00:00+00:00,4341.97871677382
2017-08-27 00:00:00+00:00,4344.90344476914
2017-08-28 00:00:00+00:00,4379.76392068966
2017-08-29 00:00:00+00:00,4600.45683097604
2017-08-30 00:00:00+00:00,4586.63273670368
2017-08-31 00:00:00+00:00,4740.35621770894
2017-09-01 00:00:00+00:00,4918.16624488603
2017-09-02 00:00:00+00:00,4595.02001782583
2017-09-03 00:00:00+00:00,4625.296314436
2017-09-04 00:00:00+00:00,4374.75349649328
2017-09-05 00:00:00+00:00,4454.05253769725
2017-09-06 00:00:00+00:00,4607.51652980713
2017-09-07 00:00:00+00:00,4635.11187580362
2017-09-08 00:00:00+00:00,4345.45765634132
2017-09-09 00:00:00+00:00,4335.593449737
2017-09-10 00:00:00+00:00,4261.84352104033
2017-09-11 00:00:00+00:00,4212.54757334892
2017-09-12 00:00:00+00:00,4164.31943424898
2017-09-13 00:00:00+00:00,3887.11858679135
2017-09-14 00:00:00+00:00,3247.4687390415
2017-09-15 00:00:00+00:00,3699.22294389246
2017-09-16 00:00:00+00:00,3711.23435067212
2017-09-17 00:00:00+00:00,3711.85620397428
2017-09-18 00:00:00+00:00,4080.42844301578
2017-09-19 00:00:00+00:00,3925.73619023963
2017-09-20 00:00:00+00:00,3895.777078609
2017-09-21 00:00:00+00:00,3617.24346580947
2017-09-22 00:00:00+00:00,3619.2137182934
2017-09-23 00:00:00+00:00,3775.60059409702
2017-09-24 00:00:00+00:00,3676.89694418469
2017-09-25 00:00:00+00:00,3918.73807130333
2017-09-26 00:00:00+00:00,3890.09093687902
2017-09-27 00:00:00+00:00,4207.78748538866
2017-09-28 00:00:00+00:00,4187.76979631794
2017-09-29 00:00:00+00:00,4155.01011981298
2017-09-30 00:00:00+00:00,4334.54461250731
2017-10-01 00:00:00+00:00,4382.08689801286
2017-10-02 00:00:00+00:00,4386.8757150789
2017-10-03 00:00:00+00:00,4306.56464202221
2017-10-04 00:00:00+00:00,4216.68482144944
2017-10-05 00:00:00+00:00,4319.42091583869
2017-10-06 00:00:00+00:00,4365.91571040327
2017-10-07 00:00:00+00:00,4438.85593308007
2017-10-08 00:00:00+00:00,4600.73979661017
2017-10-09 00:00:00+00:00,4777.53465692577
2017-10-10 00:00:00+00:00,4741.07791496201
2017-10-11 00:00:00+00:00,4814.96711805962
2017-10-12 00:00:00+00:00,5393.66898275862
2017-10-13 00:00:00+00:00,5614.07751461134
2017-10-14 00:00:00+00:00,5785.73831502046
2017-10-15 00:00:00+00:00,5689.86505961426
2017-10-16 00:00:00+00:00,5756.14881180596
2017-10-17 00:00:00+00:00,5590.41632437171
2017-10-18 00:00:00+00:00,5583.8704257744
2017-10-19 00:00:00+00:00,5708.31299094097
2017-10-20 00:00:00+00:00,6000.88313033314
2017-10-21 00:00:00+00:00,6030.20789275278
2017-10-22 00:00:00+00:00,5996.59813880772
2017-10-23 00:00:00+00:00,5888.25001665693
2017-10-24 00:00:00+00:00,5517.77535330216
2017-10-25 00:00:00+00:00,5736.01780157802
2017-10-26 00:00:00+00:00,5900.31772910579
2017-10-27 00:00:00+00:00,5771.94504617183
2017-10-28 00:00:00+00:00,5762.38857685564
2017-10-29 00:00:00+00:00,6174.72884482758
2017-10-30 00:00:00+00:00,6119.25638398597
2017-10-31 00:00:00+00:00,6428.51463705435
2017-11-01 00:00:00+00:00,6726.41183459965
2017-11-02 00:00:00+00:00,7043.77793892461
2017-11-03 00:00:00+00:00,7198.63211075394
2017-11-04 00:00:00+00:00,7420.498078609
2017-11-05 00:00:00+00:00,7371.13902980713
2017-11-06 00:00:00+00:00,6985.26384395091
2017-11-07 00:00:00+00:00,7118.20254383402
2017-11-08 00:00:00+00:00,7451.21278667446
2017-11-09 00:00:00+00:00,7117.73804967855
2017-11-10 00:00:00+00:00,6620.56733635301
2017-11-11 00:00:00+00:00,6346.72144915254
2017-11-12 00:00:00+00:00,5829.09782758621
2017-11-13 00:00:00+00:00,6519.44517212157
2017-11-14 00:00:00+00:00,6592.37439713618
2017-11-15 00:00:00+00:00,7257.37321215664
2017-11-16 00:00:00+00:00,7833.7044333723
2017-11-17 00:00:00+00:00,7729.03327001753
2017-11-18 00:00:00+00:00,7796.15424108708
2017-11-19 00:00:00+00:00,8018.32068848626
2017-11-20 00:00:00+00:00,8269.87425745178
2017-11-21 00:00:00+00:00,8091.99808357686
2017-11-22 00:00:00+00:00,8249.59733021625
2017-11-23 00:00:00+00:00,8071.66982144945
2017-11-24 00:00:00+00:00,8232.42233313851
2017-11-25 00:00:00+00:00,8760.1654421391
2017-11-26 00:00:00+00:00,9319.90331472823
2017-11-27 00:00:00+00:00,9730.72857948568
2017-11-28 00:00:00+00:00,9932.19418001169
2017-11-29 00:00:00+00:00,9800.02755172414
2017-11-30 00:00:00+00:00,9996.71497194623
2017-12-01 00:00:00+00:00,10808.9583325541
2017-12-02 00:00:00+00:00,10934.8599856809
2017-12-03 00:00:00+00:00,11213.9426554646
2017-12-04 00:00:00+00:00,11562.1285669199
2017-12-05 00:00:00+00:00,11736.7540672122
2017-12-06 00:00:00+00:00,13992.1323372297
2017-12-07 00:00:00+00:00,17032.2933763881
2017-12-08 00:00:00+00:00,16298.4873386908
2017-12-09 00:00:00+00:00,15050.0219541204
2017-12-10 00:00:00+00:00,15474.9995432496
2017-12-11 00:00:00+00:00,16873.4977849211
2017-12-12 00:00:00+00:00,17433.9307381648
2017-12-13 00:00:00+00:00,16515.15257218
2017-12-14 00:00:00+00:00,16602.8928033314
2017-12-15 00:00:00+00:00,17702.0021721216
2017-12-16 00:00:00+00:00,19640.5138834015
2017-12-17 00:00:00+00:00,19250.467650789
2017-12-18 00:00:00+00:00,18982.0250242548
2017-12-19 00:00:00+00:00,17653.3260894214
2017-12-20 00:00:00+00:00,16453.6272603741
2017-12-21 00:00:00+00:00,15633.8336504968
2017-12-22 00:00:00+00:00,14305.7183436587
2017-12-23 00:00:00+00:00,14910.8581049094
2017-12-24 00:00:00+00:00,14026.3468661601
2017-12-25 00:00:00+00:00,14080.9422600818
2017-12-26 00:00:00+00:00,15727.1454792519
2017-12-27 00:00:00+00:00,15389.0005739334
2017-12-28 00:00:00+00:00,14289.4522095266
2017-12-29 00:00:00+00:00,14571.7460821157
2017-12-30 00:00:00+00:00,12948.7158828171
2017-12-31 00:00:00+00:00,13921.4806414378
2018-01-01 00:00:00+00:00,13464.6536116306
2018-01-02 00:00:00+00:00,14754.322204851
2018-01-03 00:00:00+00:00,15010.2861595558
2018-01-04 00:00:00+00:00,15070.3007986558
2018-01-05 00:00:00+00:00,16997.2274079486
2018-01-06 00:00:00+00:00,17103.589279661
2018-01-07 00:00:00+00:00,16231.6949994155
2018-01-08 00:00:00+00:00,14937.4150894214
2018-01-09 00:00:00+00:00,14378.5862174167
2018-01-10 00:00:00+00:00,14669.0882656341
2018-01-11 00:00:00+00:00,13186.7549427236
2018-01-12 00:00:00+00:00,13789.4436639392
2018-01-13 00:00:00+00:00,14231.2250645821
2018-01-14 00:00:00+00:00,13681.0654611338
2018-01-15 00:00:00+00:00,13591.6961966686
2018-01-16 00:00:00+00:00,11431.0401052016
2018-01-17 00:00:00+00:00,11159.6085905903
2018-01-18 00:00:00+00:00,11246.0397302747
2018-01-19 00:00:00+00:00,11440.2555616598
2018-01-20 00:00:00+00:00,12768.4045856224
2018-01-21 00:00:00+00:00,11422.3942589129
2018-01-22 00:00:00+00:00,10737.3505774401
2018-01-23 00:00:00+00:00,10849.3918793103
2018-01-24 00:00:00+00:00,11225.8961747516
2018-01-25 00:00:00+00:00,11130.4649473992
2018-01-26 00:00:00+00:00,11035.5546098773
2018-01-27 00:00:00+00:00,11320.9701852718
2018-01-28 00:00:00+00:00,11615.95871128
2018-01-29 00:00:00+00:00,11132.5543138515
2018-01-30 00:00:00+00:00,9959.54671537113
2018-01-31 00:00:00+00:00,10050.0957971946
2018-02-01 00:00:00+00:00,9039.86507510228
2018-02-02 00:00:00+00:00,8786.0773798948
2018-02-03 00:00:00+00:00,9132.10032232613
2018-02-04 00:00:00+00:00,8250.52689596727
2018-02-05 00:00:00+00:00,6849.54255932203
2018-02-06 00:00:00+00:00,7738.64395967271
2018-02-07 00:00:00+00:00,7624.59538953828
2018-02-08 00:00:00+00:00,8218.58085184103
2018-02-09 00:00:00+00:00,8660.45346785505
2018-02-10 00:00:00+00:00,8530.29280479252
2018-02-11 00:00:00+00:00,8096.72848129749
2018-02-12 00:00:00+00:00,8907.67017913501
2018-02-13 00:00:00+00:00,8523.96693191116
2018-02-14 00:00:00+00:00,9467.3010327294
2018-02-15 00:00:00+00:00,10106.7330835769
2018-02-16 00:00:00+00:00,10189.3164833431
2018-02-17 00:00:00+00:00,11085.5984143776
2018-02-18 00:00:00+00:00,10452.0919772063
2018-02-19 00:00:00+00:00,11139.3557305669
2018-02-20 00:00:00+00:00,11245.9323179427
2018-02-21 00:00:00+00:00,10458.8650888369
2018-02-22 00:00:00+00:00,9878.15894272355
2018-02-23 00:00:00+00:00,10159.0656125073
2018-02-24 00:00:00+00:00,9686.60177995325
2018-02-25 00:00:00+00:00,9603.22747749854
2018-02-26 00:00:00+00:00,10312.3657130333
2018-02-27 00:00:00+00:00,10654.1072948568
2018-02-28 00:00:00+00:00,10307.0249663939
2018-03-01 00:00:00+00:00,10923.6308617767
2018-03-02 00:00:00+00:00,11014.0584672706
2018-03-03 00:00:00+00:00,11425.6805654588
2018-03-04 00:00:00+00:00,11462.5831975453
2018-03-05 00:00:00+00:00,11540.6623205728
2018-03-06 00:00:00+00:00,10677.0352308591
2018-03-07 00:00:00+00:00,9903.0850490941
2018-03-08 00:00:00+00:00,9330.47545295149
2018-03-09 00:00:00+00:00,9278.13918439509
2018-03-10 00:00:00+00:00,8786.56042314436
2018-03-11 00:00:00+00:00,9513.53539976622
2018-03-12 00:00:00+00:00,9147.89018059615
2018-03-13 00:00:00+00:00,9160.54293278784
2018-03-14 00:00:00+00:00,8222.12723904149
2018-03-15 00:00:00+00:00,8268.58912244302
2018-03-16 00:00:00+00:00,8376.90449824664
2018-03-17 00:00:00+00:00,7881.66192051432
2018-03-18 00:00:00+00:00,8189.01671917008
2018-03-19 00:00:00+00:00,8537.0156233197
2018-03-20 00:00:00+00:00,8895.54717913501
2018-03-21 00:00:00+00:00,8879.5942565751
2018-03-22 00:00:00+00:00,8710.66493512566
2018-03-23 00:00:00+00:00,8771.74632349503
2018-03-24 00:00:00+00:00,8610.9885163647
2018-03-25 00:00:00+00:00,8440.61092255991
2018-03-26 00:00:00+00:00,8171.18435447107
2018-03-27 00:00:00+00:00,7837.26531940386
2018-03-28 00:00:00+00:00,7933.64272969024
2018-03-29 00:00:00+00:00,7108.5708132671
2018-03-30 00:00:00+00:00,6832.14906633548
2018-03-31 00:00:00+00:00,6922.2812969024
2018-04-01 00:00:00+00:00,6804.52487931035
2018-04-02 00:00:00+00:00,7033.25960958504
2018-04-03 00:00:00+00:00,7420.80051548802
2018-04-04 00:00:00+00:00,6780.54360140269
2018-04-05 00:00:00+00:00,6798.42261659848
2018-04-06 00:00:00+00:00,6610.49234979544
2018-04-07 00:00:00+00:00,6886.46947194623
2018-04-08 00:00:00+00:00,7009.99610432496
2018-04-09 00:00:00+00:00,6736.89282378726
2018-04-10 00:00:00+00:00,6816.71861542957
2018-04-11 00:00:00+00:00,6944.78585710111
2018-04-12 00:00:00+00:00,7904.33027527762
2018-04-13 00:00:00+00:00,7919.06469462303
2018-04-14 00:00:00+00:00,8006.41794330801
2018-04-15 00:00:00+00:00,8342.27110140269
2018-04-16 00:00:00+00:00,8046.98213354763
2018-04-17 00:00:00+00:00,7887.73795791935
2018-04-18 00:00:00+00:00,8162.83486177674
2018-04-19 00:00:00+00:00,8272.96731589714
2018-04-20 00:00:00+00:00,8839.5011320865
2018-04-21 00:00:00+00:00,8863.54082904734
2018-04-22 00:00:00+00:00,8800.95908708358
2018-04-23 00:00:00+00:00,8930.78463354763
2018-04-24 00:00:00+00:00,9652.21378872005
2018-04-25 00:00:00+00:00,8855.50893658679
2018-04-26 00:00:00+00:00,9264.72742694331
2018-04-27 00:00:00+00:00,8981.33079018118
2018-04-28 00:00:00+00:00,9341.82468468732
2018-04-29 00:00:00+00:00,9396.99762974869
2018-04-30 00:00:00+00:00,9228.7264836353
2018-05-01 00:00:00+00:00,9072.16875745178
2018-05-02 00:00:00+00:00,9204.12764056108
2018-05-03 00:00:00+00:00,9750.70014640561
2018-05-04 00:00:00+00:00,9696.64290999416
2018-05-05 00:00:00+00:00,9795.92577206312
2018-05-06 00:00:00+00:00,9595.08681940386
2018-05-07 00:00:00+00:00,9339.5108471654
2018-05-08 00:00:00+00:00,9212.36963471654
2018-05-09 00:00:00+00:00,9293.04227352425
2018-05-10 00:00:00+00:00,9037.53050905903
2018-05-11 00:00:00+00:00,8419.75858737581
2018-05-12 00:00:00+00:00,8485.77526680304
2018-05-13 00:00:00+00:00,8695.83309380479
2018-05-14 00:00:00+00:00,8671.07417475161
2018-05-15 00:00:00+00:00,8488.463421391
2018-05-16 00:00:00+00:00,8327.75620134424
2018-05-17 00:00:00+00:00,8050.51623933372
2018-05-18 00:00:00+00:00,8233.08645528931
2018-05-19 00:00:00+00:00,8229.48293571011
2018-05-20 00:00:00+00:00,8511.44883021625
2018-05-21 00:00:00+00:00,8398.62312653419
2018-05-22 00:00:00+00:00,8007.52653214495
2018-05-23 00:00:00+00:00,7520.86767913501
2018-05-24 00:00:00+00:00,7575.62448597312
2018-05-25 00:00:00+00:00,7425.37567445938
2018-05-26 00:00:00+00:00,7326.30318644068
2018-05-27 00:00:00+00:00,7338.19304441847
2018-05-28 00:00:00+00:00,7110.82388164816
2018-05-29 00:00:00+00:00,7453.63372501461
2018-05-30 00:00:00+00:00,7374.6690490941
2018-05-31 00:00:00+00:00,7478.74186703682
2018-06-01 00:00:00+00:00,7519.83573728814
2018-06-02 00:00:00+00:00,7637.44825306838
2018-06-03 00:00:00+00:00,7702.15793308007
2018-06-04 00:00:00+00:00,7486.65319959088
2018-06-05 00:00:00+00:00,7611.14985271771
2018-06-06 00:00:00+00:00,7650.77580713033
2018-06-07 00:00:00+00:00,7665.9478962595
2018-06-08 00:00:00+00:00,7622.60233021625
2018-06-09 00:00:00+00:00,7556.17169783752
2018-06-10 00:00:00+00:00,6744.73580099357
2018-06-11 00:00:00+00:00,6849.45268731736
2018-06-12 00:00:00+00:00,6526.69968001169
2018-06-13 00:00:00+00:00,6306.51316803039
2018-06-14 00:00:00+00:00,6629.77012419638
2018-06-15 00:00:00+00:00,6399.67404646406
2018-06-16 00:00:00+00:00,6495.31530917592
2018-06-17 00:00:00+00:00,6450.69397282291
2018-06-18 00:00:00+00:00,6703.81258971362
2018-06-19 00:00:00+00:00,6732.50880917592
2018-06-20 00:00:00+00:00,6753.20682583285
2018-06-21 00:00:00+00:00,6720.37323436587
2018-06-22 00:00:00+00:00,6059.5758591467
2018-06-23 00:00:00+00:00,6174.22577936879
2018-06-24 00:00:00+00:00,6146.48719491526
2018-06-25 00:00:00+00:00,6243.53544097019
2018-06-26 00:00:00+00:00,6096.12876621859
2018-06-27 00:00:00+00:00,6139.18968322618
2018-06-28 00:00:00+00:00,5858.63577819988
2018-06-29 00:00:00+00:00,6220.9137150789
2018-06-30 00:00:00+00:00,6375.5412314436
2018-07-01 00:00:00+00:00,6361.40253886616
2018-07-02 00:00:00+00:00,6608.367157218
2018-07-03 00:00:00+00:00,6498.3078591467
2018-07-04 00:00:00+00:00,6579.33337638808
2018-07-05 00:00:00+00:00,6535.29840268849
2018-07-06 00:00:00+00:00,6598.45909585038
2018-07-07 00:00:00+00:00,6737.85608036236
2018-07-08 00:00:00+00:00,6704.91998012858
2018-07-09 00:00:00+00:00,6664.02409351257
2018-07-10 00:00:00+00:00,6309.08400409118
2018-07-11 00:00:00+00:00,6377.97651139684
2018-07-12 00:00:00+00:00,6159.46667621274
2018-07-13 00:00:00+00:00,6208.98557188779
2018-07-14 00:00:00+00:00,6255.11247866744
2018-07-15 00:00:00+00:00,6347.60427381648
2018-07-16 00:00:00+00:00,6710.80743746347
2018-07-17 00:00:00+00:00,7320.59482787843
2018-07-18 00:00:00+00:00,7376.03833927528
2018-07-19 00:00:00+00:00,7467.0342980713
2018-07-20 00:00:00+00:00,7327.25668293396
2018-07-21 00:00:00+00:00,7410.56562039743
2018-07-22 00:00:00+00:00,7399.48374693162
2018-07-23 00:00:00+00:00,7716.15862741087
2018-07-24 00:00:00+00:00,8397.61652162478
2018-07-25 00:00:00+00:00,8202.72039538282
2018-07-26 00:00:00+00:00,7913.93077819989
2018-07-27 00:00:00+00:00,8173.7746113384
2018-07-28 00:00:00+00:00,8190.36005669199
2018-07-29 00:00:00+00:00,8229.60583869083
2018-07-30 00:00:00+00:00,8171.83951928697
2018-07-31 00:00:00+00:00,7725.13303594389
2018-08-01 00:00:00+00:00,7596.6980119813
2018-08-02 00:00:00+00:00,7542.69466189363
2018-08-03 00:00:00+00:00,7411.34425014611
2018-08-04 00:00:00+00:00,7002.2086528346
2018-08-05 00:00:00+00:00,7031.58775102279
2018-08-06 00:00:00+00:00,6929.99089421391
2018-08-07 00:00:00+00:00,6722.57843278784
2018-08-08 00:00:00+00:00,6267.3886735827
2018-08-09 00:00:00+00:00,6558.09690794857
2018-08-10 00:00:00+00:00,6135.75185856224
2018-08-11 00:00:00+00:00,6313.74931180596
2018-08-12 00:00:00+00:00,6314.69165575687
2018-08-13 00:00:00+00:00,6265.84804383402
2018-08-14 00:00:00+00:00,6184.82908562244
2018-08-15 00:00:00+00:00,6270.21479865576
2018-08-16 00:00:00+00:00,6290.7504552893
2018-08-17 00:00:00+00:00,6563.07828872005
2018-08-18 00:00:00+00:00,6399.28744681473
2018-08-19 00:00:00+00:00,6490.71612711865
2018-08-20 00:00:00+00:00,6272.95272881356
2018-08-21 00:00:00+00:00,6473.07603945061
2018-08-22 00:00:00+00:00,6365.00983167738
2018-08-23 00:00:00+00:00,6516.40902542373
2018-08-24 00:00:00+00:00,6697.73187872589
2018-08-25 00:00:00+00:00,6745.43893921683
2018-08-26 00:00:00+00:00,6689.86933313852
2018-08-27 00:00:00+00:00,6839.15895236704
2018-08-28 00:00:00+00:00,7092.97380829924
2018-08-29 00:00:00+00:00,7033.42806808884
2018-08-30 00:00:00+00:00,6966.96374371713
2018-08-31 00:00:00+00:00,7025.14078024547
2018-09-01 00:00:00+00:00,7192.35254734074
2018-09-02 00:00:00+00:00,7286.66779105786
2018-09-03 00:00:00+00:00,7257.47021391
2018-09-04 00:00:00+00:00,7358.81147895967
2018-09-05 00:00:00+00:00,6790.89732846289
2018-09-06 00:00:00+00:00,6488.07593687902
2018-09-07 00:00:00+00:00,6408.65362244301
2018-09-08 00:00:00+00:00,6187.79050233781
2018-09-09 00:00:00+00:00,6249.24631034483
2018-09-10 00:00:00+00:00,6295.3886025716
2018-09-11 00:00:00+00:00,6278.42463968439
2018-09-12 00:00:00+00:00,6327.53636323787
2018-09-13 00:00:00+00:00,6490.91231648159
2018-09-14 00:00:00+00:00,6494.69547895967
2018-09-15 00:00:00+00:00,6524.16566744594
2018-09-16 00:00:00+00:00,6497.40470134424
2018-09-17 00:00:00+00:00,6258.59487492694
2018-09-18 00:00:00+00:00,6340.34779018118
2018-09-19 00:00:00+00:00,6383.95187580362
2018-09-20 00:00:00+00:00,6498.60711104617
2018-09-21 00:00:00+00:00,6741.14289888954
2018-09-22 00:00:00+00:00,6705.47605113969
2018-09-23 00:00:00+00:00,6703.13684950321
2018-09-24 00:00:00+00:00,6576.5450032145
2018-09-25 00:00:00+00:00,6416.44402162478
2018-09-26 00:00:00+00:00,6463.25040356517
2018-09-27 00:00:00+00:00,6677.90048860316
2018-09-28 00:00:00+00:00,6623.12615984804
2018-09-29 00:00:00+00:00,6584.49914757452
2018-09-30 00:00:00+00:00,6604.485028346
2018-10-01 00:00:00+00:00,6561.81383226184
2018-10-02 00:00:00+00:00,6508.72093863238
2018-10-03 00:00:00+00:00,6464.45684365868
2018-10-04 00:00:00+00:00,6545.28566773816
2018-10-05 00:00:00+00:00,6585.14957977791
2018-10-06 00:00:00+00:00,6550.47831589714
2018-10-07 00:00:00+00:00,6564.56826008182
2018-10-08 00:00:00+00:00,6604.68527410871
2018-10-09 00:00:00+00:00,6590.42862215079
2018-10-10 00:00:00+00:00,6529.10243600234
2018-10-11 00:00:00+00:00,6159.25164260666
2018-10-12 00:00:00+00:00,6191.67722326125
2018-10-13 00:00:00+00:00,6197.68569637639
2018-10-14 00:00:00+00:00,6182.87934424313
2018-10-15 00:00:00+00:00,6442.71541408533
2018-10-16 00:00:00+00:00,6461.93715926359
2018-10-17 00:00:00+00:00,6442.73070017534
2018-10-18 00:00:00+00:00,6396.47981209819
2018-10-19 00:00:00+00:00,6383.07784015196
2018-10-20 00:00:00+00:00,6408.25274634717
2018-10-21 00:00:00+00:00,6415.34050292227
2018-10-22 00:00:00+00:00,6408.03363559322
2018-10-23 00:00:00+00:00,6395.98766686149
2018-10-24 00:00:00+00:00,6413.80364114553
2018-10-25 00:00:00+00:00,6402.3248591467
2018-10-26 00:00:00+00:00,6404.10855230859
2018-10-27 00:00:00+00:00,6409.40532758621
2018-10-28 00:00:00+00:00,6406.63325306838
2018-10-29 00:00:00+00:00,6263.0417346581
2018-10-30 00:00:00+00:00,6272.16772822911
2018-10-31 00:00:00+00:00,6306.31693132671
2018-11-01 00:00:00+00:00,6342.97750058445
2018-11-02 00:00:00+00:00,6348.16858270018
2018-11-03 00:00:00+00:00,6332.43413296318
2018-11-04 00:00:00+00:00,6420.42200029223
2018-11-05 00:00:00+00:00,6402.94683898305
2018-11-06 00:00:00+00:00,6441.14521887785
2018-11-07 00:00:00+00:00,6500.86980508475
2018-11-08 00:00:00+00:00,6406.75293746347
2018-11-09 00:00:00+00:00,6331.37876709527
2018-11-10 00:00:00+00:00,6353.11273407364
2018-11-11 00:00:00+00:00,6335.41420397428
2018-11-12 00:00:00+00:00,6320.65605376972
2018-11-13 00:00:00+00:00,6267.9379912332
2018-11-14 00:00:00+00:00,5574.25834891876
2018-11-15 00:00:00+00:00,5538.56060783168
2018-11-16 00:00:00+00:00,5496.01623115137
2018-11-17 00:00:00+00:00,5501.09234044418
2018-11-18 00:00:00+00:00,5555.3763383986
2018-11-19 00:00:00+00:00,4792.20002367037
2018-11-20 00:00:00+00:00,4317.53067007598
2018-11-21 00:00:00+00:00,4549.32200993571
2018-11-22 00:00:00+00:00,4303.61554850964
2018-11-23 00:00:00+00:00,4289.89285330216
2018-11-24 00:00:00+00:00,3806.31692489772
2018-11-25 00:00:00+00:00,3946.85087434249
2018-11-26 00:00:00+00:00,3700.28599269433
2018-11-27 00:00:00+00:00,3776.55590531853
2018-11-28 00:00:00+00:00,4208.47526914085
2018-11-29 00:00:00+00:00,4239.03948831093
2018-11-30 00:00:00+00:00,3973.33405230859
2018-12-01 00:00:00+00:00,4148.07372559906
2018-12-02 00:00:00+00:00,4098.74676388077
2018-12-03 00:00:00+00:00,3843.9766659848
2018-12-04 00:00:00+00:00,3892.95164699006
2018-12-05 00:00:00+00:00,3709.52085827002
2018-12-06 00:00:00+00:00,3511.96898158971
2018-12-07 00:00:00+00:00,3372.99569257744
2018-12-08 00:00:00+00:00,3407.95119462303
2018-12-09 00:00:00+00:00,3540.43957597896
2018-12-10 00:00:00+00:00,3413.59258416131
2018-12-11 00:00:00+00:00,3352.56420017534
2018-12-12 00:00:00+00:00,3423.01291788428
2018-12-13 00:00:00+00:00,3260.34158240795
2018-12-14 00:00:00+00:00,3198.94747369959
2018-12-15 00:00:00+00:00,3185.07404383402
2018-12-16 00:00:00+00:00,3195.41455523086
2018-12-17 00:00:00+00:00,3499.15648188194
2018-12-18 00:00:00+00:00,3659.52737931035
2018-12-19 00:00:00+00:00,3697.72530333139
2018-12-20 00:00:00+00:00,4067.73770777323
2018-12-21 00:00:00+00:00,3839.08510841613
2018-12-22 00:00:00+00:00,3964.94611630625
2018-12-23 00:00:00+00:00,3942.66699590883
2018-12-24 00:00:00+00:00,4040.04578959673
2018-12-25 00:00:00+00:00,3761.58401081239
2018-12-26 00:00:00+00:00,3807.65745353594
2018-12-27 00:00:00+00:00,3585.46053594389
2018-12-28 00:00:00+00:00,3881.05488486265
2018-12-29 00:00:00+00:00,3823.13832612507
2018-12-30 00:00:00+00:00,3825.4074628872
2018-12-31 00:00:00+00:00,3687.19994009351
2019-01-01 00:00:00+00:00,3808.11783167738
2019-01-02 00:00:00+00:00,3898.1974880187
2019-01-03 00:00:00+00:00,3784.38863471654
2019-01-04 00:00:00+00:00,3827.52459438925
2019-01-05 00:00:00+00:00,3798.61395499708
2019-01-06 00:00:00+00:00,4045.99377498539
2019-01-07 00:00:00+00:00,4001.01827819988
2019-01-08 00:00:00+00:00,3992.6227893045
2019-01-09 00:00:00+00:00,4004.25903565167
2019-01-10 00:00:00+00:00,3627.90345002922
2019-01-11 00:00:00+00:00,3624.16142109877
2019-01-12 00:00:00+00:00,3617.02207831677
2019-01-13 00:00:00+00:00,3508.6701081239
2019-01-14 00:00:00+00:00,3666.94519374635
2019-01-15 00:00:00+00:00,3581.29301548802
2019-01-16 00:00:00+00:00,3606.98657568673
2019-01-17 00:00:00+00:00,3640.12913062536
2019-01-18 00:00:00+00:00,3609.42673611923
2019-01-19 00:00:00+00:00,3687.30196113384
2019-01-20 00:00:00+00:00,3538.31372296903
2019-01-21 00:00:00+00:00,3535.623393045
2019-01-22 00:00:00+00:00,3577.30834979544
2019-01-23 00:00:00+00:00,3551.89382115722
2019-01-24 00:00:00+00:00,3567.58893366452
2019-01-25 00:00:00+00:00,3561.35049795441
2019-01-26 00:00:00+00:00,3557.03991525424
2019-01-27 00:00:00+00:00,3537.61413062536
2019-01-28 00:00:00+00:00,3435.05251402689
2019-01-29 00:00:00+00:00,3395.82376329632
2019-01-30 00:00:00+00:00,3437.89586616014
2019-01-31 00:00:00+00:00,3410.13161601403
2019-02-01 00:00:00+00:00,3445.04989129164
2019-02-02 00:00:00+00:00,3461.93511747516
2019-02-03 00:00:00+00:00,3413.02161630625
2019-02-04 00:00:00+00:00,3411.38796171829
2019-02-05 00:00:00+00:00,3426.46501139684
2019-02-06 00:00:00+00:00,3367.50636499123
2019-02-07 00:00:00+00:00,3358.87359906487
2019-02-08 00:00:00+00:00,3612.47961922852
2019-02-09 00:00:00+00:00,3621.26812098188
2019-02-10 00:00:00+00:00,3642.0223591467
2019-02-11 00:00:00+00:00,3590.6184836353
2019-02-12 00:00:00+00:00,3587.90246580947
2019-02-13 00:00:00+00:00,3576.08537258913
2019-02-14 00:00:00+00:00,3561.91638340152
2019-02-15 00:00:00+00:00,3565.00692372881
2019-02-16 00:00:00+00:00,3584.73600263004
2019-02-17 00:00:00+00:00,3622.7574289889
2019-02-18 00:00:00+00:00,3866.12921712449
2019-02-19 00:00:00+00:00,3895.43521098773
2019-02-20 00:00:00+00:00,3931.61382904734
2019-02-21 00:00:00+00:00,3892.26179427236
2019-02-22 00:00:00+00:00,3948.30051052016
2019-02-23 00:00:00+00:00,4110.15112127411
2019-02-24 00:00:00+00:00,3754.18378988895
2019-02-25 00:00:00+00:00,3822.01869666861
2019-02-26 00:00:00+00:00,3796.17506838106
2019-02-27 00:00:00+00:00,3799.3819924021
2019-02-28 00:00:00+00:00,3792.94772296902
2019-03-01 00:00:00+00:00,3810.63269257744
2019-03-02 00:00:00+00:00,3809.64339099942
2019-03-03 00:00:00+00:00,3782.38187025132
2019-03-04 00:00:00+00:00,3698.16185505552
2019-03-05 00:00:00+00:00,3840.1280490941
2019-03-06 00:00:00+00:00,3851.99842548218
2019-03-07 00:00:00+00:00,3855.92316832262
2019-03-08 00:00:00+00:00,3839.23355289304
2019-03-09 00:00:00+00:00,3910.36116656926
2019-03-10 00:00:00+00:00,3903.9119509059
2019-03-11 00:00:00+00:00,3851.56892168323
2019-03-12 00:00:00+00:00,3858.91482378726
2019-03-13 00:00:00+00:00,3851.95746639392
2019-03-14 00:00:00+00:00,3853.78326504968
2019-03-15 00:00:00+00:00,3901.91420689655
2019-03-16 00:00:00+00:00,3989.79607685564
2019-03-17 00:00:00+00:00,3967.14349444769
2019-03-18 00:00:00+00:00,3969.44014582116
2019-03-19 00:00:00+00:00,3996.16790356517
2019-03-20 00:00:00+00:00,4030.65527586207
2019-03-21 00:00:00+00:00,3976.27385008767
2019-03-22 00:00:00+00:00,3983.88764582116
2019-03-23 00:00:00+00:00,3981.77603302163
2019-03-24 00:00:00+00:00,3970.6669880187
2019-03-25 00:00:00+00:00,3908.23883869082
2019-03-26 00:00:00+00:00,3917.76340210403
2019-03-27 00:00:00+00:00,4027.00791788428
2019-03-28 00:00:00+00:00,4010.93746201052
2019-03-29 00:00:00+00:00,4089.46104003507
2019-03-30 00:00:00+00:00,4091.89103834015
2019-03-31 00:00:00+00:00,4094.31781472823
2019-04-01 00:00:00+00:00,4138.41780771479
2019-04-02 00:00:00+00:00,4903.71946206897
2019-04-03 00:00:00+00:00,4960.22760274693
2019-04-04 00:00:00+00:00,4911.26970245471
2019-04-05 00:00:00+00:00,5033.22548369375
2019-04-06 00:00:00+00:00,5044.35684593805
2019-04-07 00:00:00+00:00,5189.11195558153
2019-04-08 00:00:00+00:00,5283.42302483928
2019-04-09 00:00:00+00:00,5195.57790882525
2019-04-10 00:00:00+00:00,5311.74160327294
2019-04-11 00:00:00+00:00,5050.66600859147
2019-04-12 00:00:00+00:00,5082.86143202805
2019-04-13 00:00:00+00:00,5074.79069257744
2019-04-14 00:00:00+00:00,5156.80404061952
2019-04-15 00:00:00+00:00,5042.89773845704
2019-04-16 00:00:00+00:00,5205.96295745178
2019-04-17 00:00:00+00:00,5226.35221519579
2019-04-18 00:00:00+00:00,5278.5023395675
2019-04-19 00:00:00+00:00,5289.95121911163
2019-04-20 00:00:00+00:00,5313.97326212741
2019-04-21 00:00:00+00:00,5295.73382817066
2019-04-22 00:00:00+00:00,5383.79997533606
2019-04-23 00:00:00+00:00,5544.86271186441
2019-04-24 00:00:00+00:00,5431.94791963764
2019-04-25 00:00:00+00:00,5127.67316738749
2019-04-26 00:00:00+00:00,5150.16466066628
2019-04-27 00:00:00+00:00,5181.80776364699
2019-04-28 00:00:00+00:00,5148.66961542957
2019-04-29 00:00:00+00:00,5148.80049327878
2019-04-30 00:00:00+00:00,5266.61820251315
2019-05-01 00:00:00+00:00,5315.17532904734
2019-05-02 00:00:00+00:00,5393.12937638808
2019-05-03 00:00:00+00:00,5658.43038836938
2019-05-04 00:00:00+00:00,5774.71242869667
2019-05-05 00:00:00+00:00,5728.35170222092
2019-05-06 00:00:00+00:00,5691.68837405026
2019-05-07 00:00:00+00:00,5825.744893045
2019-05-08 00:00:00+00:00,5931.8005949737
2019-05-09 00:00:00+00:00,6150.14044476914
2019-05-10 00:00:00+00:00,6357.46349357101
2019-05-11 00:00:00+00:00,7325.08286031561
2019-05-12 00:00:00+00:00,6942.62317451783
2019-05-13 00:00:00+00:00,7798.90573600234
2019-05-14 00:00:00+00:00,7955.5576823495
2019-05-15 00:00:00+00:00,8215.2068383986
2019-05-16 00:00:00+00:00,7862.07160233782
2019-05-17 00:00:00+00:00,7326.92068188194
2019-05-18 00:00:00+00:00,7277.98756341321
2019-05-19 00:00:00+00:00,8219.74278696669
2019-05-20 00:00:00+00:00,7981.13937895967
2019-05-21 00:00:00+00:00,7983.80847738165
2019-05-22 00:00:00+00:00,7667.90211484512
2019-05-23 00:00:00+00:00,7897.4712936879
2019-05-24 00:00:00+00:00,7987.10036762127
2019-05-25 00:00:00+00:00,8061.59176072472
2019-05-26 00:00:00+00:00,8731.52495587376
2019-05-27 00:00:00+00:00,8816.78670835769
2019-05-28 00:00:00+00:00,8719.12584833431
2019-05-29 00:00:00+00:00,8655.48850613676
2019-05-30 00:00:00+00:00,8271.62196317942
2019-05-31 00:00:00+00:00,8556.222185564
2019-06-01 00:00:00+00:00,8554.80732963179
2019-06-02 00:00:00+00:00,8744.35374547049
2019-06-03 00:00:00+00:00,8173.40127054354
2019-06-04 00:00:00+00:00,7649.93933196961
2019-06-05 00:00:00+00:00,7798.54446639392
2019-06-06 00:00:00+00:00,7776.71332612507
2019-06-07 00:00:00+00:00,8023.950093045
2019-06-08 00:00:00+00:00,7939.80515488019
2019-06-09 00:00:00+00:00,7634.06575073057
2019-06-10 00:00:00+00:00,7993.30253857393
2019-06-11 00:00:00+00:00,7922.48362711864
2019-06-12 00:00:00+00:00,8146.75612507306
2019-06-13 00:00:00+00:00,8232.77734137931
2019-06-14 00:00:00+00:00,8698.00481502046
2019-06-15 00:00:00+00:00,8850.58481601403
2019-06-16 00:00:00+00:00,9019.51700672121
2019-06-17 00:00:00+00:00,9340.57218877849
2019-06-18 00:00:00+00:00,9047.13274447691
2019-06-19 00:00:00+00:00,9285.05567656341
2019-06-20 00:00:00+00:00,9546.71977819988
2019-06-21 00:00:00+00:00,10083.4863136762
2019-06-22 00:00:00+00:00,10685.2952327878
2019-06-23 00:00:00+00:00,10794.4276963764
2019-06-24 00:00:00+00:00,11004.2069094681
2019-06-25 00:00:00+00:00,11726.2638308007
2019-06-26 00:00:00+00:00,12863.4606849795
2019-06-27 00:00:00+00:00,11109.7978418469
2019-06-28 00:00:00+00:00,12358.2079582116
2019-06-29 00:00:00+00:00,11944.3515473407
2019-06-30 00:00:00+00:00,10842.6167109877
2019-07-01 00:00:00+00:00,10569.5517282291
2019-07-02 00:00:00+00:00,10766.0833162186
2019-07-03 00:00:00+00:00,11952.0248935126
2019-07-04 00:00:00+00:00,11177.0103787551
2019-07-05 00:00:00+00:00,10998.3991004676
2019-07-06 00:00:00+00:00,11208.225600526
2019-07-07 00:00:00+00:00,11456.1836039158
2019-07-08 00:00:00+00:00,12319.6228758036
2019-07-09 00:00:00+00:00,12579.107616014
2019-07-10 00:00:00+00:00,12106.7829313267
2019-07-11 00:00:00+00:00,11294.678028346
2019-07-12 00:00:00+00:00,11813.3237158971
2019-07-13 00:00:00+00:00,11346.837148159
2019-07-14 00:00:00+00:00,10283.0757891292
2019-07-15 00:00:00+00:00,10926.3802741087
2019-07-16 00:00:00+00:00,9471.14086475745
2019-07-17 00:00:00+00:00,9674.88246113384
2019-07-18 00:00:00+00:00,10679.8906896552
2019-07-19 00:00:00+00:00,10532.2027291058
2019-07-20 00:00:00+00:00,10862.6485479252
2019-07-21 00:00:00+00:00,10589.7064907656
2019-07-22 00:00:00+00:00,10318.5609251899
2019-07-23 00:00:00+00:00,9866.64894038574
2019-07-24 00:00:00+00:00,9792.78753652835
2019-07-25 00:00:00+00:00,9897.18678603156
2019-07-26 00:00:00+00:00,9836.69678813559
2019-07-27 00:00:00+00:00,9446.67205207481
2019-07-28 00:00:00+00:00,9529.78879193454
2019-07-29 00:00:00+00:00,9504.15891595558
2019-07-30 00:00:00+00:00,9589.10920601987
2019-07-31 00:00:00+00:00,10059.0040189947
2019-08-01 00:00:00+00:00,10400.3070143776
2019-08-02 00:00:00+00:00,10529.6944544126
2019-08-03 00:00:00+00:00,10810.4216686148
2019-08-04 00:00:00+00:00,10986.5089291058
2019-08-05 00:00:00+00:00,11790.0239375804
2019-08-06 00:00:00+00:00,11423.4970017534
2019-08-07 00:00:00+00:00,11967.2735473407
2019-08-08 00:00:00+00:00,11938.2346108708
2019-08-09 00:00:00+00:00,11858.3410984804
2019-08-10 00:00:00+00:00,11303.7305618936
2019-08-11 00:00:00+00:00,11530.195242256
2019-08-12 00:00:00+00:00,11384.6962465809
2019-08-13 00:00:00+00:00,10867.05475827
2019-08-14 00:00:00+00:00,10024.3795917008
2019-08-15 00:00:00+00:00,10310.0858696669
2019-08-16 00:00:00+00:00,10373.3219028054
2019-08-17 00:00:00+00:00,10207.1555616598
2019-08-18 00:00:00+00:00,10331.3099760374
2019-08-19 00:00:00+00:00,10884.6297744009
2019-08-20 00:00:00+00:00,10771.3923793688
2019-08-21 00:00:00+00:00,10096.8302238457
2019-08-22 00:00:00+00:00,10119.7145248393
2019-08-23 00:00:00+00:00,10414.1441725891
2019-08-24 00:00:00+00:00,10147.0871548802
2019-08-25 00:00:00+00:00,10100.3567783752
2019-08-26 00:00:00+00:00,10362.6434723553
2019-08-27 00:00:00+00:00,10168.221571654
2019-08-28 00:00:00+00:00,9724.79997808299
2019-08-29 00:00:00+00:00,9482.31173495032
2019-08-30 00:00:00+00:00,9577.67882349503
2019-08-31 00:00:00+00:00,9605.02446142607
2019-09-01 00:00:00+00:00,9762.93655689655
2019-09-02 00:00:00+00:00,10377.3383845704
2019-09-03 00:00:00+00:00,10618.7815058445
2019-09-04 00:00:00+00:00,10577.2410839275
2019-09-05 00:00:00+00:00,10580.1846995909
2019-09-06 00:00:00+00:00,10330.8497312098
2019-09-07 00:00:00+00:00,10494.5069649328
2019-09-08 00:00:00+00:00,10407.2656573933
2019-09-09 00:00:00+00:00,10332.4644424313
2019-09-10 00:00:00+00:00,10085.9519243133
2019-09-11 00:00:00+00:00,10142.1480603741
2019-09-12 00:00:00+00:00,10403.3599707773
2019-09-13 00:00:00+00:00,10345.3387469316
2019-09-14 00:00:00+00:00,10363.4528963179
2019-09-15 00:00:00+00:00,10306.1696674459
2019-09-16 00:00:00+00:00,10257.822761543
2019-09-17 00:00:00+00:00,10195.6111811806
2019-09-18 00:00:00+00:00,10161.3188664524
2019-09-19 00:00:00+00:00,10268.3926291642
2019-09-20 00:00:00+00:00,10170.1251161309
2019-09-21 00:00:00+00:00,9986.4061081239
2019-09-22 00:00:00+00:00,10047.0134748685
2019-09-23 00:00:00+00:00,9692.74104792519
2019-09-24 00:00:00+00:00,8613.67124850965
2019-09-25 00:00:00+00:00,8424.15764640561
2019-09-26 00:00:00+00:00,8091.69529924021
2019-09-27 00:00:00+00:00,8186.77963927528
2019-09-28 00:00:00+00:00,8201.97901344243
2019-09-29 00:00:00+00:00,8064.50806236119
2019-09-30 00:00:00+00:00,8282.3654541204
2019-10-01 00:00:00+00:00,8314.55139012273
2019-10-02 00:00:00+00:00,8362.53073232028
2019-10-03 00:00:00+00:00,8254.33991028638
2019-10-04 00:00:00+00:00,8165.68615125658
2019-10-05 00:00:00+00:00,8141.63371379311
2019-10-06 00:00:00+00:00,7854.60981297487
2019-10-07 00:00:00+00:00,8226.02342928112
2019-10-08 00:00:00+00:00,8190.1151207481
2019-10-09 00:00:00+00:00,8598.3319207481
2019-10-10 00:00:00+00:00,8578.09037931034
2019-10-11 00:00:00+00:00,8289.85402893045
2019-10-12 00:00:00+00:00,8323.7501440678
2019-10-13 00:00:00+00:00,8291.25065143191
2019-10-14 00:00:00+00:00,8346.36843658679
2019-10-15 00:00:00+00:00,8160.71262752776
2019-10-16 00:00:00+00:00,8003.85592314436
2019-10-17 00:00:00+00:00,8072.48938229106
2019-10-18 00:00:00+00:00,7959.33199357101
2019-10-19 00:00:00+00:00,7948.47733722969
2019-10-20 00:00:00+00:00,8213.70903927528
2019-10-21 00:00:00+00:00,8211.65455873758
2019-10-22 00:00:00+00:00,8029.20537288136
2019-10-23 00:00:00+00:00,7458.03585680889
2019-10-24 00:00:00+00:00,7454.37113816482
2019-10-25 00:00:00+00:00,8656.65517755699
2019-10-26 00:00:00+00:00,9249.64676095851
2019-10-27 00:00:00+00:00,9558.15604400935
2019-10-28 00:00:00+00:00,9319.17814167154
2019-10-29 00:00:00+00:00,9431.20712390415
2019-10-30 00:00:00+00:00,9182.85506516657
2019-10-31 00:00:00+00:00,9155.27729877265
2019-11-01 00:00:00+00:00,9251.38129345412
2019-11-02 00:00:00+00:00,9300.19083752192
2019-11-03 00:00:00+00:00,9209.63869608416
2019-11-04 00:00:00+00:00,9418.36013062537
2019-11-05 00:00:00+00:00,9330.78722296902
2019-11-06 00:00:00+00:00,9354.93338229106
2019-11-07 00:00:00+00:00,9210.74822238457
2019-11-08 00:00:00+00:00,8791.33393495032
2019-11-09 00:00:00+00:00,8810.78456195208
2019-11-10 00:00:00+00:00,9042.89072320281
2019-11-11 00:00:00+00:00,8713.20792957335
2019-11-12 00:00:00+00:00,8788.95814295734
2019-11-13 00:00:00+00:00,8766.72943050848
2019-11-14 00:00:00+00:00,8645.43580362361
2019-11-15 00:00:00+00:00,8465.87788854471
2019-11-16 00:00:00+00:00,8477.69024284044
2019-11-17 00:00:00+00:00,8505.16122326125
2019-11-18 00:00:00+00:00,8183.53341350088
2019-11-19 00:00:00+00:00,8116.82067258913
2019-11-20 00:00:00+00:00,8076.55466008182
2019-11-21 00:00:00+00:00,7612.2774880187
2019-11-22 00:00:00+00:00,7277.52427323203
2019-11-23 00:00:00+00:00,7324.83617855056
2019-11-24 00:00:00+00:00,6943.38065604909
2019-11-25 00:00:00+00:00,7139.04468597312
2019-11-26 00:00:00+00:00,7165.43773027469
2019-11-27 00:00:00+00:00,7526.86381654004
2019-11-28 00:00:00+00:00,7436.3363817066
2019-11-29 00:00:00+00:00,7747.73804208066
2019-11-30 00:00:00+00:00,7556.19372121567
2019-12-01 00:00:00+00:00,7417.72720601987
2019-12-02 00:00:00+00:00,7318.31252180012
2019-12-03 00:00:00+00:00,7306.44623331385
2019-12-04 00:00:00+00:00,7215.02034482759
2019-12-05 00:00:00+00:00,7404.0867949737
2019-12-06 00:00:00+00:00,7534.2083559322
2019-12-07 00:00:00+00:00,7512.06140263004
2019-12-08 00:00:00+00:00,7528.94026943308
2019-12-09 00:00:00+00:00,7340.22745908825
2019-12-10 00:00:00+00:00,7232.09178375219
2019-12-11 00:00:00+00:00,7200.46444599649
2019-12-12 00:00:00+00:00,7192.84902425482
2019-12-13 00:00:00+00:00,7244.90372004676
2019-12-14 00:00:00+00:00,7071.10709029807
2019-12-15 00:00:00+00:00,7111.28666995909
2019-12-16 00:00:00+00:00,6882.39579532437
2019-12-17 00:00:00+00:00,6608.96197983635
2019-12-18 00:00:00+00:00,7284.6254836353
2019-12-19 00:00:00+00:00,7146.16763763881
2019-12-20 00:00:00+00:00,7184.21917206312
2019-12-21 00:00:00+00:00,7140.29801127995
2019-12-22 00:00:00+00:00,7479.40240789012
2019-12-23 00:00:00+00:00,7321.7487238457
2019-12-24 00:00:00+00:00,7235.62908381064
2019-12-25 00:00:00+00:00,7191.17416569258
2019-12-26 00:00:00+00:00,7194.63975832846
2019-12-27 00:00:00+00:00,7237.15044728229
2019-12-28 00:00:00+00:00,7306.64330829924
2019-12-29 00:00:00+00:00,7391.578521391
2019-12-30 00:00:00+00:00,7229.3971006429
2019-12-31 00:00:00+00:00,7167.39505464641
2020-01-01 00:00:00+00:00,7170.63186879018
2020-01-02 00:00:00+00:00,6946.82526914085
2020-01-03 00:00:00+00:00,7315.3093603156
2020-01-04 00:00:00+00:00,7343.16419438925
2020-01-05 00:00:00+00:00,7345.53069181765
2020-01-06 00:00:00+00:00,7765.7977346581
2020-01-07 00:00:00+00:00,8136.08684190532
2020-01-08 00:00:00+00:00,8059.69952887201
2020-01-09 00:00:00+00:00,7817.13609322034
2020-01-10 00:00:00+00:00,8129.81791992987
2020-01-11 00:00:00+00:00,8032.00549503215
2020-01-12 00:00:00+00:00,8164.54999316189
2020-01-13 00:00:00+00:00,8121.92566762127
2020-01-14 00:00:00+00:00,8830.16787346581
2020-01-15 00:00:00+00:00,8811.44820251315
2020-01-16 00:00:00+00:00,8718.68699801286
2020-01-17 00:00:00+00:00,8912.54190414962
2020-01-18 00:00:00+00:00,8928.1807565751
2020-01-19 00:00:00+00:00,8687.35483664524
2020-01-20 00:00:00+00:00,8636.2587862069
2020-01-21 00:00:00+00:00,8730.86756019871
2020-01-22 00:00:00+00:00,8647.90047399182
2020-01-23 00:00:00+00:00,8366.38461396844
2020-01-24 00:00:00+00:00,8423.39095815313
2020-01-25 00:00:00+00:00,8344.77456896552
2020-01-26 00:00:00+00:00,8573.87480958504
2020-01-27 00:00:00+00:00,8901.95928486265
2020-01-28 00:00:00+00:00,9297.3883176505
2020-01-29 00:00:00+00:00,9311.94754354179
2020-01-30 00:00:00+00:00,9508.92096493279
2020-01-31 00:00:00+00:00,9357.28478240795
2020-02-01 00:00:00+00:00,9381.88602863822
2020-02-02 00:00:00+00:00,9339.38706312098
2020-02-03 00:00:00+00:00,9279.81252051432
2020-02-04 00:00:00+00:00,9161.62719772063
2020-02-05 00:00:00+00:00,9628.13677586207
2020-02-06 00:00:00+00:00,9739.2804364699
2020-02-07 00:00:00+00:00,9800.27939982466
2020-02-08 00:00:00+00:00,9911.29340841613
2020-02-09 00:00:00+00:00,10151.0832026885
2020-02-10 00:00:00+00:00,9872.36187305669
2020-02-11 00:00:00+00:00,10272.2225558738
2020-02-12 00:00:00+00:00,10360.1352229106
2020-02-13 00:00:00+00:00,10235.4973226184
2020-02-14 00:00:00+00:00,10361.6156901812
2020-02-15 00:00:00+00:00,9911.72432700175
2020-02-16 00:00:00+00:00,9952.04661157218
2020-02-17 00:00:00+00:00,9683.0796277031
2020-02-18 00:00:00+00:00,10195.3037904734
2020-02-19 00:00:00+00:00,9636.00229865576
2020-02-20 00:00:00+00:00,9614.03012244302
2020-02-21 00:00:00+00:00,9701.79750268849
2020-02-22 00:00:00+00:00,9675.24905756868
2020-02-23 00:00:00+00:00,9972.84242308591
2020-02-24 00:00:00+00:00,9648.00788310929
2020-02-25 00:00:00+00:00,9344.28714009351
2020-02-26 00:00:00+00:00,8798.88894856809
2020-02-27 00:00:00+00:00,8779.02948188194
2020-02-28 00:00:00+00:00,8750.59344599649
2020-02-29 00:00:00+00:00,8582.09029964933
2020-03-01 00:00:00+00:00,8541.77389392169
2020-03-02 00:00:00+00:00,8906.21475645821
2020-03-03 00:00:00+00:00,8768.81061420222
2020-03-04 00:00:00+00:00,8756.36957218001
2020-03-05 00:00:00+00:00,9062.61580274693
2020-03-06 00:00:00+00:00,9147.08505897136
2020-03-07 00:00:00+00:00,8898.30695675044
2020-03-08 00:00:00+00:00,8109.61454114553
2020-03-09 00:00:00+00:00,7896.38531987142
2020-03-10 00:00:00+00:00,7909.92787545295
2020-03-11 00:00:00+00:00,7939.34133477499
2020-03-12 00:00:00+00:00,4959.31341437756
2020-03-13 00:00:00+00:00,5627.69238836938
2020-03-14 00:00:00+00:00,5145.17250642899
2020-03-15 00:00:00+00:00,5358.61066335476
2020-03-16 00:00:00+00:00,5012.92738778492
2020-03-17 00:00:00+00:00,5416.7547106955
2020-03-18 00:00:00+00:00,5392.48783594389
2020-03-19 00:00:00+00:00,6203.5516320865
2020-03-20 00:00:00+00:00,6174.14947603741
2020-03-21 00:00:00+00:00,6175.83102220924
2020-03-22 00:00:00+00:00,5830.56097960257
2020-03-23 00:00:00+00:00,6486.40865733489
2020-03-24 00:00:00+00:00,6775.05761893629
2020-03-25 00:00:00+00:00,6689.96901285798
2020-03-26 00:00:00+00:00,6754.46033606078
2020-03-27 00:00:00+00:00,6490.79541502046
2020-03-28 00:00:00+00:00,6231.81989023963
2020-03-29 00:00:00+00:00,5904.85758679135
2020-03-30 00:00:00+00:00,6436.90570017534
2020-03-31 00:00:00+00:00,6432.3832421391
2020-04-01 00:00:00+00:00,6643.11000870836
2020-04-02 00:00:00+00:00,6792.74222209234
2020-04-03 00:00:00+00:00,6751.90255178258
2020-04-04 00:00:00+00:00,6859.98916867329
2020-04-05 00:00:00+00:00,6790.81247264758
2020-04-06 00:00:00+00:00,7298.17374517826
2020-04-07 00:00:00+00:00,7187.59333664524
2020-04-08 00:00:00+00:00,7372.19476399766
2020-04-09 00:00:00+00:00,7299.57918790181
2020-04-10 00:00:00+00:00,6859.82267475161
2020-04-11 00:00:00+00:00,6883.18222895967
2020-04-12 00:00:00+00:00,6978.66628661601
2020-04-13 00:00:00+00:00,6863.57553319696
2020-04-14 00:00:00+00:00,6875.53850344828
2020-04-15 00:00:00+00:00,6625.47577510228
2020-04-16 00:00:00+00:00,7127.79228223261
2020-04-17 00:00:00+00:00,7081.39519842197
2020-04-18 00:00:00+00:00,7262.79234360023
2020-04-19 00:00:00+00:00,7150.2442154588
2020-04-20 00:00:00+00:00,6853.27341478667
2020-04-21 00:00:00+00:00,6870.42369865576
2020-04-22 00:00:00+00:00,7123.65691992987
2020-04-23 00:00:00+00:00,7488.60516528346
2020-04-24 00:00:00+00:00,7506.44331648159
2020-04-25 00:00:00+00:00,7537.73820911748
2020-04-26 00:00:00+00:00,7684.06852168322
2020-04-27 00:00:00+00:00,7777.49151858562
2020-04-28 00:00:00+00:00,7769.89969842197
2020-04-29 00:00:00+00:00,8761.83716954997
2020-04-30 00:00:00+00:00,8652.4109912332
2020-05-01 00:00:00+00:00,8855.53525827002
2020-05-02 00:00:00+00:00,8977.28170537697
2020-05-03 00:00:00+00:00,8896.7956383986
2020-05-04 00:00:00+00:00,8881.95430450029
2020-05-05 00:00:00+00:00,8985.8795993571
2020-05-06 00:00:00+00:00,9266.8130730567
2020-05-07 00:00:00+00:00,9993.75317685564
2020-05-08 00:00:00+00:00,9859.32360461718
2020-05-09 00:00:00+00:00,9577.33892238457
2020-05-10 00:00:00+00:00,8715.03329322034
2020-05-11 00:00:00+00:00,8591.65288433665
2020-05-12 00:00:00+00:00,8817.25068112215
2020-05-13 00:00:00+00:00,9322.99720204559
2020-05-14 00:00:00+00:00,9801.26948772647
2020-05-15 00:00:00+00:00,9326.87585891292
2020-05-16 00:00:00+00:00,9395.4753893045
2020-05-17 00:00:00+00:00,9682.5324811806
2020-05-18 00:00:00+00:00,9726.85002209235
2020-05-19 00:00:00+00:00,9754.20146201052
2020-05-20 00:00:00+00:00,9515.702550263
2020-05-21 00:00:00+00:00,9068.80122933957
2020-05-22 00:00:00+00:00,9161.81503389831
2020-05-23 00:00:00+00:00,9183.66212507305
2020-05-24 00:00:00+00:00,8806.23065715956
2020-05-25 00:00:00+00:00,8909.19258153127
2020-05-26 00:00:00+00:00,8835.13725336061
2020-05-27 00:00:00+00:00,9169.05743921683
2020-05-28 00:00:00+00:00,9568.26185300994
2020-05-29 00:00:00+00:00,9432.41333343074
2020-05-30 00:00:00+00:00,9691.68049117475
2020-05-31 00:00:00+00:00,9433.94384663939
2020-06-01 00:00:00+00:00,10199.1350542373
2020-06-02 00:00:00+00:00,9512.34653302163
2020-06-03 00:00:00+00:00,9642.27340035067
2020-06-04 00:00:00+00:00,9813.36067913501
2020-06-05 00:00:00+00:00,9641.8916225599
2020-06-06 00:00:00+00:00,9668.67053857393
2020-06-07 00:00:00+00:00,9747.58011104617
2020-06-08 00:00:00+00:00,9769.34236148451
2020-06-09 00:00:00+00:00,9779.42216566335
2020-06-10 00:00:00+00:00,9888.44417469316
2020-06-11 00:00:00+00:00,9277.45116931619
2020-06-12 00:00:00+00:00,9456.16153331385
2020-06-13 00:00:00+00:00,9461.33379865576
2020-06-14 00:00:00+00:00,9342.955635301
2020-06-15 00:00:00+00:00,9441.38321127995
2020-06-16 00:00:00+00:00,9520.09194827586
2020-06-17 00:00:00+00:00,9448.69356060783
2020-06-18 00:00:00+00:00,9389.99076639392
2020-06-19 00:00:00+00:00,9285.99158293396
2020-06-20 00:00:00+00:00,9357.29246446522
2020-06-21 00:00:00+00:00,9284.76937182934
2020-06-22 00:00:00+00:00,9684.62018474576
2020-06-23 00:00:00+00:00,9611.72599824664
2020-06-24 00:00:00+00:00,9292.94354354179
2020-06-25 00:00:00+00:00,9247.12143249561
2020-06-26 00:00:00+00:00,9159.43777206312
2020-06-27 00:00:00+00:00,9002.16561718293
2020-06-28 00:00:00+00:00,9108.06567457627
2020-06-29 00:00:00+00:00,9184.24736627703
2020-06-30 00:00:00+00:00,9143.96758530099
2020-07-01 00:00:00+00:00,9241.33961239041
2020-07-02 00:00:00+00:00,9094.38728679135
2020-07-03 00:00:00+00:00,9066.69069661017
2020-07-04 00:00:00+00:00,9126.21955493863
2020-07-05 00:00:00+00:00,9079.61401808884
2020-07-06 00:00:00+00:00,9338.94259117475
2020-07-07 00:00:00+00:00,9252.15873261251
2020-07-08 00:00:00+00:00,9434.56795645821
2020-07-09 00:00:00+00:00,9231.50234751607
2020-07-10 00:00:00+00:00,9285.22101542957
2020-07-11 00:00:00+00:00,9237.17100818235
2020-07-12 00:00:00+00:00,9289.09797691408
2020-07-13 00:00:00+00:00,9236.62250116891
2020-07-14 00:00:00+00:00,9260.3569868498
2020-07-15 00:00:00+00:00,9196.72555897136
2020-07-16 00:00:00+00:00,9132.59231209818
2020-07-17 00:00:00+00:00,9156.46870976037
2020-07-18 00:00:00+00:00,9175.90530859147
2020-07-19 00:00:00+00:00,9218.84231081239
2020-07-20 00:00:00+00:00,9167.19056750439
2020-07-21 00:00:00+00:00,9388.57434979544
2020-07-22 00:00:00+00:00,9531.2574301578
2020-07-23 00:00:00+00:00,9609.16671537113
2020-07-24 00:00:00+00:00,9548.1007270602
2020-07-25 00:00:00+00:00,9702.45279047341
2020-07-26 00:00:00+00:00,9933.90655423729
2020-07-27 00:00:00+00:00,11046.5083295149
2020-07-28 00:00:00+00:00,10944.6129789012
2020-07-29 00:00:00+00:00,11115.7712819988
2020-07-30 00:00:00+00:00,11135.3907261835
2020-07-31 00:00:00+00:00,11338.1973407949
2020-08-01 00:00:00+00:00,11797.5821265342
2020-08-02 00:00:00+00:00,11094.0206841321
2020-08-03 00:00:00+00:00,11236.0956805377
2020-08-04 00:00:00+00:00,11202.651909059
2020-08-05 00:00:00+00:00,11721.4384715956
2020-08-06 00:00:00+00:00,11769.3091081239
2020-08-07 00:00:00+00:00,11598.9690585038
2020-08-08 00:00:00+00:00,11743.0086350088
2020-08-09 00:00:00+00:00,11680.5173661601
2020-08-10 00:00:00+00:00,11870.3695447107
2020-08-11 00:00:00+00:00,11392.6440884278
2020-08-12 00:00:00+00:00,11575.5124736996
2020-08-13 00:00:00+00:00,11773.4481155465
2020-08-14 00:00:00+00:00,11774.4082518995
2020-08-15 00:00:00+00:00,11866.9103613092
2020-08-16 00:00:00+00:00,11899.6427535944
2020-08-17 00:00:00+00:00,12315.7624166569
2020-08-18 00:00:00+00:00,11992.6959962595
2020-08-19 00:00:00+00:00,11736.8490645237
2020-08-20 00:00:00+00:00,11867.5203439509
2020-08-21 00:00:00+00:00,11524.6989491525
2020-08-22 00:00:00+00:00,11682.2891503799
2020-08-23 00:00:00+00:00,11665.6092735243
2020-08-24 00:00:00+00:00,11771.4080537405
2020-08-25 00:00:00+00:00,11358.4543202805
2020-08-26 00:00:00+00:00,11472.0491204559
2020-08-27 00:00:00+00:00,11314.6737410286
2020-08-28 00:00:00+00:00,11527.8830322326
2020-08-29 00:00:00+00:00,11490.7623477499
2020-08-30 00:00:00+00:00,11698.9758329632
2020-08-31 00:00:00+00:00,11678.3482268849
2020-09-01 00:00:00+00:00,11970.364856166
2020-09-02 00:00:00+00:00,11414.5209336645
2020-09-03 00:00:00+00:00,10261.4944095266
2020-09-04 00:00:00+00:00,10471.9664133255
2020-09-05 00:00:00+00:00,10128.64358609
2020-09-06 00:00:00+00:00,10253.2998980129
2020-09-07 00:00:00+00:00,10367.8783543542
2020-09-08 00:00:00+00:00,10108.6354501461
2020-09-09 00:00:00+00:00,10223.1114091175
2020-09-10 00:00:00+00:00,10334.6307302162
2020-09-11 00:00:00+00:00,10387.0207419638
2020-09-12 00:00:00+00:00,10436.9778322618
2020-09-13 00:00:00+00:00,10322.5236148451
2020-09-14 00:00:00+00:00,10662.719912332
2020-09-15 00:00:00+00:00,10779.3810249562
2020-09-16 00:00:00+00:00,10968.3205465809
2020-09-17 00:00:00+00:00,10936.2927505552
2020-09-18 00:00:00+00:00,10920.1128439509
2020-09-19 00:00:00+00:00,11073.7795478083
2020-09-20 00:00:00+00:00,10921.2180998247
2020-09-21 00:00:00+00:00,10455.3799623027
2020-09-22 00:00:00+00:00,10519.8391641146
2020-09-23 00:00:00+00:00,10233.2995687317
2020-09-24 00:00:00+00:00,10739.0427094097
2020-09-25 00:00:00+00:00,10683.6305806546
2020-09-26 00:00:00+00:00,10742.0304202221
2020-09-27 00:00:00+00:00,10758.8242899474
2020-09-28 00:00:00+00:00,10727.3750541204
2020-09-29 00:00:00+00:00,10841.1427444769
2020-09-30 00:00:00+00:00,10772.351766803
2020-10-01 00:00:00+00:00,10606.6173325541
2020-10-02 00:00:00+00:00,10570.1056777908
2020-10-03 00:00:00+00:00,10555.7054339567
2020-10-04 00:00:00+00:00,10665.618622443
2020-10-05 00:00:00+00:00,10772.6355995909
2020-10-06 00:00:00+00:00,10596.3735493863
2020-10-07 00:00:00+00:00,10667.1943941555
2020-10-08 00:00:00+00:00,10902.5293637054
2020-10-09 00:00:00+00:00,11074.1036797779
2020-10-10 00:00:00+00:00,11302.8542864407
2020-10-11 00:00:00+00:00,11378.2625284629
2020-10-12 00:00:00+00:00,11548.401556692
2020-10-13 00:00:00+00:00,11434.9687849211
2020-10-14 00:00:00+00:00,11417.10811391
2020-10-15 00:00:00+00:00,11502.5812390415
2020-10-16 00:00:00+00:00,11338.9871765634
2020-10-17 00:00:00+00:00,11362.8022174167
2020-10-18 00:00:00+00:00,11489.6225650497
2020-10-19 00:00:00+00:00,11745.8119675628
2020-10-20 00:00:00+00:00,11929.4572507306
2020-10-21 00:00:00+00:00,12848.4906177674
2020-10-22 00:00:00+00:00,12997.4993417884
2020-10-23 00:00:00+00:00,12953.4296969608
2020-10-24 00:00:00+00:00,13113.8669231444
2020-10-25 00:00:00+00:00,13041.6410374635
2020-10-26 00:00:00+00:00,13080.6561698422
2020-10-27 00:00:00+00:00,13675.5239275278
2020-10-28 00:00:00+00:00,13290.3288497954
2020-10-29 00:00:00+00:00,13475.2173007013
2020-10-30 00:00:00+00:00,13603.2960908825
2020-10-31 00:00:00+00:00,13807.2336110462
2020-11-01 00:00:00+00:00,13736.89941128
2020-11-02 00:00:00+00:00,13595.5647603741
2020-11-03 00:00:00+00:00,13996.915398597312
2020-11-04 00:00:00+00:00,14129.148195499703
2020-11-05 00:00:00+00:00,15606.46683372297
2020-11-06 00:00:00+00:00,15618.972471361778
2020-11-07 00:00:00+00:00,14866.356304500296
2020-11-08 00:00:00+00:00,15500.000707188785
2020-11-09 00:00:00+00:00,15319.819972530682
2020-11-10 00:00:00+00:00,15319.27567621274
2020-11-11 00:00:00+00:00,15731.241105786092
2020-11-12 00:00:00+00:00,16289.814897720637
2020-11-13 00:00:00+00:00,16330.06276797195
2020-11-14 00:00:00+00:00,16102.010016949156
2020-11-15 00:00:00+00:00,15986.7549905903
2020-11-16 00:00:00+00:00,16743.05393980129
2020-11-17 00:00:00+00:00,17682.16918702513
2020-11-18 00:00:00+00:00,17804.690023962594
2020-11-19 00:00:00+00:00,17818.668662185857
2020-11-20 00:00:00+00:00,18663.78185312683
2020-11-21 00:00:00+00:00,18706.58933541788
2020-11-22 00:00:00+00:00,18482.692631735823
2020-11-23 00:00:00+00:00,18373.2577597896
2020-11-24 00:00:00+00:00,19150.251048509646
2020-11-25 00:00:00+00:00,18748.393713033314
2020-11-26 00:00:00+00:00,17113.716871420223
2020-11-27 00:00:00+00:00,17101.603018059614
2020-11-28 00:00:00+00:00,17745.377312448858
2020-11-29 00:00:00+00:00,18190.866880420806
2020-11-30 00:00:00+00:00,19664.407606662764
2020-12-01 00:00:00+00:00,18820.60778959673
2020-12-02 00:00:00+00:00,19214.872229047334
2020-12-03 00:00:00+00:00,19470.31120806546
2020-12-04 00:00:00+00:00,18732.967090999413
2020-12-05 00:00:00+00:00,19114.633130917588
2020-12-06 00:00:00+00:00,19356.3136767972
2020-12-07 00:00:00+00:00,19182.176832846293
2020-12-08 00:00:00+00:00,18340.97813769725
2020-12-09 00:00:00+00:00,18574.69673524255
2020-12-10 00:00:00+00:00,18294.84695149036
2020-12-11 00:00:00+00:00,18061.760025716
2020-12-12 00:00:00+00:00,18813.2837685564
2020-12-13 00:00:00+00:00,19156.0825055523
2020-12-14 00:00:00+00:00,19286.7512992402
2020-12-15 00:00:00+00:00,19432.5884640561
2020-12-16 00:00:00+00:00,21370.7203186441
2020-12-17 00:00:00+00:00,22789.2674160725
2020-12-18 00:00:00+00:00,23048.7645610754
2020-12-19 00:00:00+00:00,23856.7735192285
2020-12-20 00:00:00+00:00,23528.5506135593
2020-12-21 00:00:00+00:00,22937.4183435418
2020-12-22 00:00:00+00:00,23756.8887685564
2020-12-23 00:00:00+00:00,23307.2709018118
2020-12-24 00:00:00+00:00,23707.6330440678
2020-12-25 00:00:00+00:00,24669.1643220339
2020-12-26 00:00:00+00:00,26478.0681052016
2020-12-27 00:00:00+00:00,26430.8565971946
2020-12-28 00:00:00+00:00,27039.3490199883
2020-12-29 00:00:00+00:00,27231.2034552893
2020-12-30 00:00:00+00:00,28844.6136781999
2020-12-31 00:00:00+00:00,29022.6714126242
2021-01-01 00:00:00+00:00,29380.6937327878
2021-01-02 00:00:00+00:00,32022.6810578609
2021-01-03 00:00:00+00:00,33277.8353050848
2021-01-04 00:00:00+00:00,31802.1467136178
2021-01-05 00:00:00+00:00,34013.1741724138
2021-01-06 00:00:00+00:00,36643.2777223846
2021-01-07 00:00:00+00:00,39215.6511490356
2021-01-08 00:00:00+00:00,40775.4045634132
2021-01-09 00:00:00+00:00,40370.6823495032
2021-01-10 00:00:00+00:00,38329.3401665693
2021-01-11 00:00:00+00:00,35269.5137177089
2021-01-12 00:00:00+00:00,33712.4685452952
2021-01-13 00:00:00+00:00,37296.5475277615
2021-01-14 00:00:00+00:00,39045.518340152
2021-01-15 00:00:00+00:00,36710.3174248977
2021-01-16 00:00:00+00:00,36177.2610970193
2021-01-17 00:00:00+00:00,36069.939466803
2021-01-18 00:00:00+00:00,36594.2964018118
2021-01-19 00:00:00+00:00,36250.1461893629
2021-01-20 00:00:00+00:00,35515.480012858
2021-01-21 00:00:00+00:00,31022.9510280538
2021-01-22 00:00:00+00:00,32986.4357568673
2021-01-23 00:00:00+00:00,32036.2822723553
2021-01-24 00:00:00+00:00,32216.1042904734
2021-01-25 00:00:00+00:00,32419.7059462303
2021-01-26 00:00:00+00:00,32640.6391426067
2021-01-27 00:00:00+00:00,30358.9347235535
2021-01-28 00:00:00+00:00,33511.287595149
2021-01-29 00:00:00+00:00,34166.1494259497
2021-01-30 00:00:00+00:00,34349.9170952659
2021-01-31 00:00:00+00:00,33157.8325745178
2021-02-01 00:00:00+00:00,33570.2718468732
2021-02-02 00:00:00+00:00,35596.1489094097
2021-02-03 00:00:00+00:00,37578.3732068966
2021-02-04 00:00:00+00:00,37129.2029376972
2021-02-05 00:00:00+00:00,38045.4136084161
2021-02-06 00:00:00+00:00,39341.727081239
2021-02-07 00:00:00+00:00,39003.0121817651
2021-02-08 00:00:00+00:00,46121.9340724722
2021-02-09 00:00:00+00:00,46548.1619912332
2021-02-10 00:00:00+00:00,45078.128350263
2021-02-11 00:00:00+00:00,47892.8409181765
2021-02-12 00:00:00+00:00,47525.2091431911
2021-02-13 00:00:00+00:00,47208.6250270602
2021-02-14 00:00:00+00:00,48829.8275096435
2021-02-15 00:00:00+00:00,48110.2417334892
2021-02-16 00:00:00+00:00,49140.3826578024
2021-02-17 00:00:00+00:00,52224.9391139684
2021-02-18 00:00:00+00:00,51650.0699485681
2021-02-19 00:00:00+00:00,55820.5044038574
2021-02-20 00:00:00+00:00,55861.8205670953
2021-02-21 00:00:00+00:00,57500.7161102864
2021-02-22 00:00:00+00:00,53952.1533386324
2021-02-23 00:00:00+00:00,48560.4890350672
2021-02-24 00:00:00+00:00,49567.3456890707
2021-02-25 00:00:00+00:00,47568.131170076
2021-02-26 00:00:00+00:00,46231.7675784921
2021-02-27 00:00:00+00:00,45834.5133611923
2021-02-28 00:00:00+00:00,45359.4641642314
2021-03-01 00:00:00+00:00,49634.4471092928
2021-03-02 00:00:00+00:00,48304.7054879018
2021-03-03 00:00:00+00:00,50690.4671835184
2021-03-04 00:00:00+00:00,48472.7954751607
2021-03-05 00:00:00+00:00,48800.8173594389
2021-03-06 00:00:00+00:00,48970.5244868498
2021-03-07 00:00:00+00:00,51086.4681794272
2021-03-08 00:00:00+00:00,52088.475131502
2021-03-09 00:00:00+00:00,54739.1352542373
2021-03-10 00:00:00+00:00,56116.040912332
2021-03-11 00:00:00+00:00,57847.2549357101
2021-03-12 00:00:00+00:00,57334.641534775
2021-03-13 00:00:00+00:00,61288.7941276447
2021-03-14 00:00:00+00:00,59905.6184704851
2021-03-15 00:00:00+00:00,56121.121924021
2021-03-16 00:00:00+00:00,56500.4460257159
2021-03-17 00:00:00+00:00,58683.0659824664
2021-03-18 00:00:00+00:00,57731.4798410871
2021-03-19 00:00:00+00:00,58168.1219222677
2021-03-20 00:00:00+00:00,58247.8847066043
2021-03-21 00:00:00+00:00,57447.9330198714
2021-03-22 00:00:00+00:00,54453.1373508475
2021-03-23 00:00:00+00:00,54563.6119458211
2021-03-24 00:00:00+00:00,52595.4113237873
2021-03-25 00:00:00+00:00,51547.1248953828
2021-03-26 00:00:00+00:00,54817.8571122151
2021-03-27 00:00:00+00:00,56019.8373055523
2021-03-28 00:00:00+00:00,55713.0381396844
2021-03-29 00:00:00+00:00,57571.2333477498
2021-03-30 00:00:00+00:00,58684.5483921683
2021-03-31 00:00:00+00:00,58792.1948275862
2021-04-01 00:00:00+00:00,58818.9770985973
2021-04-02 00:00:00+00:00,59031.5340192285
2021-04-03 00:00:00+00:00,57282.3896247808
2021-04-04 00:00:00+00:00,58202.199391993
2021-04-05 00:00:00+00:00,58755.8525295149
2021-04-06 00:00:00+00:00,58084.0664231444
2021-04-07 00:00:00+00:00,56266.8346762127
2021-04-08 00:00:00+00:00,57963.3445994155
2021-04-09 00:00:00+00:00,58051.7625563998
2021-04-10 00:00:00+00:00,59651.5589877265
2021-04-11 00:00:00+00:00,59932.9306469901
2021-04-12 00:00:00+00:00,59905.9363744594
2021-04-13 00:00:00+00:00,63445.638314436
2021-04-14 00:00:00+00:00,62869.4955873758
2021-04-15 00:00:00+00:00,63231.162987142
2021-04-16 00:00:00+00:00,61571.1100905903
2021-04-17 00:00:00+00:00,60280.8761758036
2021-04-18 00:00:00+00:00,56389.5579812975
2021-04-19 00:00:00+00:00,55798.1370771479
2021-04-20 00:00:00+00:00,56474.3737586207
2021-04-21 00:00:00+00:00,54025.7995745178
2021-04-22 00:00:00+00:00,51882.0598106371
2021-04-23 00:00:00+00:00,50954.9100607832
2021-04-24 00:00:00+00:00,50279.9484464056
2021-04-25 00:00:00+00:00,48946.9407428404
2021-04-26 00:00:00+00:00,53943.3499783752
2021-04-27 00:00:00+00:00,55027.0309848042
2021-04-28 00:00:00+00:00,54787.3787071888
2021-04-29 00:00:00+00:00,53567.0811938048
2021-04-30 00:00:00+00:00,57741.44441654
2021-05-01 00:00:00+00:00,57863.5903927528
2021-05-02 00:00:00+00:00,56572.5968410286
2021-05-03 00:00:00+00:00,57243.0416054939
2021-05-04 00:00:00+00:00,53724.10892519
2021-05-05 00:00:00+00:00,57342.0256616014
2021-05-06 00:00:00+00:00,56527.3529789597
2021-05-07 00:00:00+00:00,57341.0684549386
2021-05-08 00:00:00+00:00,58736.1258950906
2021-05-09 00:00:00+00:00,58288.4256303916
2021-05-10 00:00:00+00:00,55902.9277399182
2021-05-11 00:00:00+00:00,56612.1026487434
2021-05-12 00:00:00+00:00,50972.355081239
2021-05-13 00:00:00+00:00,49368.6144739918
2021-05-14 00:00:00+00:00,49997.3959011105
2021-05-15 00:00:00+00:00,47047.9633331385
2021-05-16 00:00:00+00:00,46022.5037090006
2021-05-17 00:00:00+00:00,43492.3954833431
2021-05-18 00:00:00+00:00,42789.8093921683
2021-05-19 00:00:00+00:00,37642.5200017534
2021-05-20 00:00:00+00:00,40799.4021475745
2021-05-21 00:00:00+00:00,37174.3311014027
2021-05-22 00:00:00+00:00,37643.4197983635
2021-05-23 00:00:00+00:00,34774.207221917
2021-05-24 00:00:00+00:00,38630.4091186441
2021-05-25 00:00:00+00:00,38269.7710747516
2021-05-26 00:00:00+00:00,39194.8588980129
2021-05-27 00:00:00+00:00,38510.8570417884
2021-05-28 00:00:00+00:00,35596.7179510228
2021-05-29 00:00:00+00:00,34681.8183670368
2021-05-30 00:00:00+00:00,35652.1687703098
2021-05-31 00:00:00+00:00,37312.9748970193
2021-06-01 00:00:00+00:00,36661.3781184687
2021-06-02 00:00:00+00:00,37639.4556732905
2021-06-03 00:00:00+00:00,39160.1504132086
2021-06-04 00:00:00+00:00,36884.3735551724
2021-06-05 00:00:00+00:00,35409.5672366452
2021-06-06 00:00:00+00:00,35720.6043546464
2021-06-07 00:00:00+00:00,33724.9077517826
2021-06-08 00:00:00+00:00,33475.0489234366
2021-06-09 00:00:00+00:00,37372.9888953828
2021-06-10 00:00:00+00:00,36826.0022185856
2021-06-11 00:00:00+00:00,37185.3931268264
2021-06-12 00:00:00+00:00,35669.1712817066
2021-06-13 00:00:00+00:00,38925.4194289889
2021-06-14 00:00:00+00:00,40455.5959833431
2021-06-15 00:00:00+00:00,40254.6514679135
2021-06-16 00:00:00+00:00,38265.5437726476
2021-06-17 00:00:00+00:00,38018.6432346581
2021-06-18 00:00:00+00:00,35714.3120787259
2021-06-19 00:00:00+00:00,35555.9763966686
2021-06-20 00:00:00+00:00,35599.9418784337
2021-06-21 00:00:00+00:00,31715.1598624196
2021-06-22 00:00:00+00:00,32394.5555949737
2021-06-23 00:00:00+00:00,33610.4968129749
2021-06-24 00:00:00+00:00,34658.972875979
2021-06-25 00:00:00+00:00,31683.5032004676
2021-06-26 00:00:00+00:00,31890.6764465225
2021-06-27 00:00:00+00:00,34506.4911975453
2021-06-28 00:00:00+00:00,34376.188538983
2021-06-29 00:00:00+00:00,35933.7782178843
2021-06-30 00:00:00+00:00,35065.4661533606
2021-07-01 00:00:00+00:00,33505.0804935126
2021-07-02 00:00:00+00:00,33782.9459464641
2021-07-03 00:00:00+00:00,34588.2242916423
2021-07-04 00:00:00+00:00,35355.6078883694
2021-07-05 00:00:00+00:00,33911.7538404442
2021-07-06 00:00:00+00:00,34123.9815680888
2021-07-07 00:00:00+00:00,33931.6186382233
2021-07-08 00:00:00+00:00,32819.6595312098
2021-07-09 00:00:00+00:00,33914.8810742256
2021-07-10 00:00:00+00:00,33610.9458386908
2021-07-11 00:00:00+00:00,34258.4413898305
2021-07-12 00:00:00+00:00,33135.2359117475
2021-07-13 00:00:00+00:00,32641.9759610169
2021-07-14 00:00:00+00:00,32798.2845189947
2021-07-15 00:00:00+00:00,31707.6900368206
2021-07-16 00:00:00+00:00,31455.7175818819
2021-07-17 00:00:00+00:00,31547.9511990064
2021-07-18 00:00:00+00:00,31707.7038527177
2021-07-19 00:00:00+00:00,30883.4697462303
2021-07-20 00:00:00+00:00,29766.6577182934
2021-07-21 00:00:00+00:00,32119.6572258328
2021-07-22 00:00:00+00:00,32306.9614285798
2021-07-23 00:00:00+00:00,33439.5957028638
2021-07-24 00:00:00+00:00,34166.914654588
2021-07-25 00:00:00+00:00,35119.9374360023
2021-07-26 00:00:00+00:00,37444.7825102279
2021-07-27 00:00:00+00:00,39126.5402881356
2021-07-28 00:00:00+00:00,39939.1940432495
2021-07-29 00:00:00+00:00,40086.1643950906
2021-07-30 00:00:00+00:00,41789.6670981882
2021-07-31 00:00:00+00:00,41793.3137481005
2021-08-01 00:00:00+00:00,39968.9689544126
2021-08-02 00:00:00+00:00,39304.1862835769
2021-08-03 00:00:00+00:00,38288.8253975453
2021-08-04 00:00:00+00:00,39773.9113489188
2021-08-05 00:00:00+00:00,40941.650434249
2021-08-06 00:00:00+00:00,42790.3573284629
2021-08-07 00:00:00+00:00,44484.9005862069
2021-08-08 00:00:00+00:00,43972.3010181181
2021-08-09 00:00:00+00:00,46265.6424564582
2021-08-10 00:00:00+00:00,45488.7912624196
2021-08-11 00:00:00+00:00,45676.3263611923
2021-08-12 00:00:00+00:00,44405.7483483343
2021-08-13 00:00:00+00:00,47717.4853559322
2021-08-14 00:00:00+00:00,47124.2050736411
2021-08-15 00:00:00+00:00,47074.370710111
2021-08-16 00:00:00+00:00,45984.7199070719
2021-08-17 00:00:00+00:00,44714.0967982466
2021-08-18 00:00:00+00:00,44954.3637469316
2021-08-19 00:00:00+00:00,46646.8615049679
2021-08-20 00:00:00+00:00,49240.8356049094
2021-08-21 00:00:00+00:00,49070.2409701929
2021-08-22 00:00:00+00:00,49363.3160952659
2021-08-23 00:00:00+00:00,49590.8763676213
2021-08-24 00:00:00+00:00,47925.8622127411
2021-08-25 00:00:00+00:00,49002.3166049094
2021-08-26 00:00:00+00:00,47190.3449929866
2021-08-27 00:00:00+00:00,49048.4755891292
2021-08-28 00:00:00+00:00,48852.4687995324
2021-08-29 00:00:00+00:00,48948.3479579193
2021-08-30 00:00:00+00:00,47125.7685189947
2021-08-31 00:00:00+00:00,47219.2443424898
2021-09-01 00:00:00+00:00,48688.5375572764
2021-09-02 00:00:00+00:00,49369.5862746932
2021-09-03 00:00:00+00:00,49860.5341635301
2021-09-04 00:00:00+00:00,49919.577563647
2021-09-05 00:00:00+00:00,51747.6438565167
2021-09-06 00:00:00+00:00,52640.5883740503
2021-09-07 00:00:00+00:00,46854.4006028638
2021-09-08 00:00:00+00:00,46187.9757306254
2021-09-09 00:00:00+00:00,46448.7748290473
2021-09-10 00:00:00+00:00,44765.2755762712
2021-09-11 00:00:00+00:00,45098.5916447691
2021-09-12 00:00:00+00:00,46180.6124563998
2021-09-13 00:00:00+00:00,44991.5221277031
2021-09-14 00:00:00+00:00,47022.6177597896
2021-09-15 00:00:00+00:00,48167.1893676213
2021-09-16 00:00:00+00:00,47797.3283237873
2021-09-17 00:00:00+00:00,47213.7941294565
2021-09-18 00:00:00+00:00,48204.0136519579
2021-09-19 00:00:00+00:00,47218.4739964933
2021-09-20 00:00:00+00:00,42855.5103448276
2021-09-21 00:00:00+00:00,40526.4893760958
2021-09-22 00:00:00+00:00,43577.5724821742
2021-09-23 00:00:00+00:00,44861.2980329047
2021-09-24 00:00:00+00:00,42803.307701052
2021-09-25 00:00:00+00:00,42735.2658240795
2021-09-26 00:00:00+00:00,43131.2941773816
2021-09-27 00:00:00+00:00,42496.7852250146
2021-09-28 00:00:00+00:00,41223.7862743425
2021-09-29 00:00:00+00:00,41453.9470131502
2021-09-30 00:00:00+00:00,43781.546015488
2021-10-01 00:00:00+00:00,48078.1315543542
2021-10-02 00:00:00+00:00,47792.4391943308
2021-10-03 00:00:00+00:00,48202.6229177089
2021-10-04 00:00:00+00:00,49288.5013106371
2021-10-05 00:00:00+00:00,51558.0493319112
2021-10-06 00:00:00+00:00,55419.800411163
2021-10-07 00:00:00+00:00,53805.1569125658
2021-10-08 00:00:00+00:00,53933.5275908825
2021-10-09 00:00:00+00:00,55010.9224751607
2021-10-10 00:00:00+00:00,54701.2797022209
2021-10-11 00:00:00+00:00,57289.1864570426
2021-10-12 00:00:00+00:00,56196.1812597896
2021-10-13 00:00:00+00:00,57348.8928769725
2021-10-14 00:00:00+00:00,57384.0369146698
2021-10-15 00:00:00+00:00,61446.0840073057
2021-10-16 00:00:00+00:00,60932.0632119228
2021-10-17 00:00:00+00:00,61462.2223722969
2021-10-18 00:00:00+00:00,61977.0575514319
2021-10-19 00:00:00+00:00,64290.8977574518
2021-10-20 00:00:00+00:00,66061.7965639977
2021-10-21 00:00:00+00:00,62373.8856206897
2021-10-22 00:00:00+00:00,60750.9673718293
2021-10-23 00:00:00+00:00,61250.082628872
2021-10-24 00:00:00+00:00,60865.4470523086
2021-10-25 00:00:00+00:00,63031.6729015196
2021-10-26 00:00:00+00:00,60393.9802738165
2021-10-27 00:00:00+00:00,58563.3359899766
2021-10-28 00:00:00+00:00,60564.5721122151
2021-10-29 00:00:00+00:00,62230.8055689655
2021-10-30 00:00:00+00:00,61742.9165321449
2021-10-31 00:00:00+00:00,61432.9700628287
2021-11-01 00:00:00+00:00,61092.0950592051
2021-11-02 00:00:00+00:00,63024.7472296902
2021-11-03 00:00:00+00:00,62955.9817630041
2021-11-04 00:00:00+00:00,61393.8899780246
2021-11-05 00:00:00+00:00,61005.840833723
2021-11-06 00:00:00+00:00,61455.0536268849
2021-11-07 00:00:00+00:00,63043.8290590298
2021-11-08 00:00:00+00:00,67541.7555081824
2021-11-09 00:00:00+00:00,67095.5856706605
2021-11-10 00:00:00+00:00,64756.0779689071
2021-11-11 00:00:00+00:00,64962.9312939801
2021-11-12 00:00:00+00:00,64078.968037405
2021-11-13 00:00:00+00:00,64397.7912063121
2021-11-14 00:00:00+00:00,65032.2256548217
2021-11-15 00:00:00+00:00,63753.5031592636
2021-11-16 00:00:00+00:00,60322.4978530099
2021-11-17 00:00:00+00:00,60154.3083661601
2021-11-18 00:00:00+00:00,56794.1556271186
2021-11-19 00:00:00+00:00,58014.0729888954
2021-11-20 00:00:00+00:00,59749.4738229106
2021-11-21 00:00:00+00:00,59032.6241017534
2021-11-22 00:00:00+00:00,56383.5658760958
2021-11-23 00:00:00+00:00,57642.2657980713
2021-11-24 00:00:00+00:00,57141.8303784337
2021-11-25 00:00:00+00:00,59008.6554792519
2021-11-26 00:00:00+00:00,53800.6178389831
2021-11-27 00:00:00+00:00,54635.8824628872
2021-11-28 00:00:00+00:00,57248.5696963764
2021-11-29 00:00:00+00:00,57920.7107299825
2021-11-30 00:00:00+00:00,57097.0127942724
2021-12-01 00:00:00+00:00,57180.6098439509
2021-12-02 00:00:00+00:00,56582.8937691408
2021-12-03 00:00:00+00:00,53671.6160680888
2021-12-04 00:00:00+00:00,49159.7357983635
2021-12-05 00:00:00+00:00,49327.0935999416
2021-12-06 00:00:00+00:00,50535.4252232612
2021-12-07 00:00:00+00:00,50574.4728344828
2021-12-08 00:00:00+00:00,50500.6543513735
2021-12-09 00:00:00+00:00,47937.8228458212
2021-12-10 00:00:00+00:00,47437.2289725307
2021-12-11 00:00:00+00:00,49321.7693252484
2021-12-12 00:00:00+00:00,50136.5722568673
2021-12-13 00:00:00+00:00,46785.3278410286
2021-12-14 00:00:00+00:00,48292.6822501461
2021-12-15 00:00:00+00:00,48830.6223860316
2021-12-16 00:00:00+00:00,47663.4691077148
2021-12-17 00:00:00+00:00,46334.4837489772
2021-12-18 00:00:00+00:00,46904.8736753361
2021-12-19 00:00:00+00:00,46876.426924021
2021-12-20 00:00:00+00:00,46954.7634783168
2021-12-21 00:00:00+00:00,49082.0624666277
2021-12-22 00:00:00+00:00,48692.0987391584
2021-12-23 00:00:00+00:00,50712.9707682642
2021-12-24 00:00:00+00:00,50783.8344210988
2021-12-25 00:00:00+00:00,50590.4508976622
2021-12-26 00:00:00+00:00,50798.3065859147
2021-12-27 00:00:00+00:00,50796.3776735827
2021-12-28 00:00:00+00:00,47673.0440452367
2021-12-29 00:00:00+00:00,46470.3215751023
2021-12-30 00:00:00+00:00,47102.4630037989
2021-12-31 00:00:00+00:00,46355.1173302747
2022-01-01 00:00:00+00:00,47560.0093816482
2022-01-02 00:00:00+00:00,47352.5577565751
2022-01-03 00:00:00+00:00,46453.432351841
2022-01-04 00:00:00+00:00,45905.9611221508
2022-01-05 00:00:00+00:00,43530.9440388662
2022-01-06 00:00:00+00:00,43144.9652928112
2022-01-07 00:00:00+00:00,41512.7845808299
2022-01-08 00:00:00+00:00,41799.8128848627
2022-01-09 00:00:00+00:00,41886.4985569842
2022-01-10 00:00:00+00:00,41816.9510561075
2022-01-11 00:00:00+00:00,42768.1786116306
2022-01-12 00:00:00+00:00,43961.0265441262
2022-01-13 00:00:00+00:00,42626.8653924605
2022-01-14 00:00:00+00:00,43102.6476180596
2022-01-15 00:00:00+00:00,43206.6744812975
2022-01-16 00:00:00+00:00,43168.8596671537
2022-01-17 00:00:00+00:00,42211.270399474
2022-01-18 00:00:00+00:00,42431.2319670368
2022-01-19 00:00:00+00:00,41787.722012858
2022-01-20 00:00:00+00:00,40756.1261630625
2022-01-21 00:00:00+00:00,36492.2872241379
2022-01-22 00:00:00+00:00,34996.390965225
2022-01-23 00:00:00+00:00,36271.0502650497
2022-01-24 00:00:00+00:00,36659.7252206312
2022-01-25 00:00:00+00:00,36952.586773232
2022-01-26 00:00:00+00:00,36825.8245993571
2022-01-27 00:00:00+00:00,37021.9371332554
2022-01-28 00:00:00+00:00,37768.8474836353
2022-01-29 00:00:00+00:00,38088.2912279953
2022-01-30 00:00:00+00:00,37983.5063845704
2022-01-31 00:00:00+00:00,38462.6724029807
2022-02-01 00:00:00+00:00,38787.9640824079
2022-02-02 00:00:00+00:00,36942.3307493279
2022-02-03 00:00:00+00:00,37057.6521879018
2022-02-04 00:00:00+00:00,41079.9060881356
2022-02-05 00:00:00+00:00,41508.5816925774
2022-02-06 00:00:00+00:00,42358.2251732905
2022-02-07 00:00:00+00:00,43888.980119813
2022-02-08 00:00:00+00:00,44167.4447945646
2022-02-09 00:00:00+00:00,44405.0732042665
2022-02-10 00:00:00+00:00,43614.3426960842
2022-02-11 00:00:00+00:00,42357.3217416715
2022-02-12 00:00:00+00:00,42173.4593962595
2022-02-13 00:00:00+00:00,42195.5947451782
2022-02-14 00:00:00+00:00,42646.1618590883
2022-02-15 00:00:00+00:00,44511.9084880187
2022-02-16 00:00:00+00:00,44065.7092673875
2022-02-17 00:00:00+00:00,40610.024261543
2022-02-18 00:00:00+00:00,40044.2204856809
2022-02-19 00:00:00+00:00,40095.887329398
2022-02-20 00:00:00+00:00,38551.6224967855
2022-02-21 00:00:00+00:00,37098.0360081824
2022-02-22 00:00:00+00:00,38202.5940818235
2022-02-23 00:00:00+00:00,37308.2687344243
2022-02-24 00:00:00+00:00,38283.790402104
2022-02-25 00:00:00+00:00,39323.7702158387
2022-02-26 00:00:00+00:00,39056.5781523086
2022-02-27 00:00:00+00:00,37664.7792828755
2022-02-28 00:00:00+00:00,43179.2545140269
2022-03-01 00:00:00+00:00,44334.457582408
2022-03-02 00:00:00+00:00,43984.584926768
2022-03-03 00:00:00+00:00,42492.7744552893
2022-03-04 00:00:00+00:00,39106.4052159556
2022-03-05 00:00:00+00:00,39383.8848433665
2022-03-06 00:00:00+00:00,38399.3426268264
2022-03-07 00:00:00+00:00,38146.734273232
2022-03-08 00:00:00+00:00,38725.477261543
2022-03-09 00:00:00+00:00,41989.4028179427
2022-03-10 00:00:00+00:00,39482.2584672706
2022-03-11 00:00:00+00:00,38825.3644214494
2022-03-12 00:00:00+00:00,38951.1300157802
2022-03-13 00:00:00+00:00,37808.3174004091
2022-03-14 00:00:00+00:00,39649.0453243717
2022-03-15 00:00:00+00:00,39356.8139000584
2022-03-16 00:00:00+00:00,41101.768579135
2022-03-17 00:00:00+00:00,40966.4169324956
2022-03-18 00:00:00+00:00,41826.1160710111
2022-03-19 00:00:00+00:00,42193.1615362361
2022-03-20 00:00:00+00:00,41294.7235129164
2022-03-21 00:00:00+00:00,41064.429648159
2022-03-22 00:00:00+00:00,42383.169518761
2022-03-23 00:00:00+00:00,42734.2000355932
2022-03-24 00:00:00+00:00,43974.5935882525
2022-03-25 00:00:00+00:00,44347.034279661
2022-03-26 00:00:00+00:00,44519.9268641145
2022-03-27 00:00:00+00:00,46777.2056265342
2022-03-28 00:00:00+00:00,47223.6528860316
2022-03-29 00:00:00+00:00,47463.7096770894
2022-03-30 00:00:00+00:00,47123.2971478667
2022-03-31 00:00:00+00:00,45562.2106665693
2022-04-01 00:00:00+00:00,46250.3362878434
2022-04-02 00:00:00+00:00,45939.8973489188
2022-04-03 00:00:00+00:00,46440.5438538866
2022-04-04 00:00:00+00:00,46663.0041770894
2022-04-05 00:00:00+00:00,45693.0350619521
2022-04-06 00:00:00+00:00,43304.9371990064
2022-04-07 00:00:00+00:00,43569.0471697837
2022-04-08 00:00:00+00:00,42222.0689772063
2022-04-09 00:00:00+00:00,42680.9947355932
2022-04-10 00:00:00+00:00,42264.4633909994
2022-04-11 00:00:00+00:00,39544.0251835184
2022-04-12 00:00:00+00:00,40096.3669748685
2022-04-13 00:00:00+00:00,41152.7554517826
2022-04-14 00:00:00+00:00,39916.4963842782
2022-04-15 00:00:00+00:00,40527.3319567504
2022-04-16 00:00:00+00:00,40439.5881209819
2022-04-17 00:00:00+00:00,39704.7839798364
2022-04-18 00:00:00+00:00,40818.8786025716
2022-04-19 00:00:00+00:00,41489.6638011689
2022-04-20 00:00:00+00:00,41395.64458346
2022-04-21 00:00:00+00:00,40457.4959418469
2022-04-22 00:00:00+00:00,39737.9735040912
2022-04-23 00:00:00+00:00,39582.4548720047
2022-04-24 00:00:00+00:00,39511.6456928697
2022-04-25 00:00:00+00:00,40473.7483176505
2022-04-26 00:00:00+00:00,38072.800873758
2022-04-27 00:00:00+00:00,39218.5376174752
2022-04-28 00:00:00+00:00,39747.9894270018
2022-04-29 00:00:00+00:00,38609.5059070719
2022-04-30 00:00:00+00:00,37714.0949804208
2022-05-01 00:00:00+00:00,38459.226979135
2022-05-02 00:00:00+00:00,38566.0628877849
2022-05-03 00:00:00+00:00,37704.4053153127
2022-05-04 00:00:00+00:00,39641.852176505
2022-05-05 00:00:00+00:00,36502.0245601403
2022-05-06 00:00:00+00:00,36042.9995584453
2022-05-07 00:00:00+00:00,35508.7110227937
2022-05-08 00:00:00+00:00,34058.9066861484
2022-05-09 00:00:00+00:00,30457.9218194039
2022-05-10 00:00:00+00:00,30990.7351659848
2022-05-11 00:00:00+00:00,28796.5568217417
2022-05-12 00:00:00+00:00,29030.7070417884
2022-05-13 00:00:00+00:00,29285.9346718293
2022-05-14 00:00:00+00:00,30051.935755114
2022-05-15 00:00:00+00:00,31182.6212460549
2022-05-16 00:00:00+00:00,29889.6124757452
2022-05-17 00:00:00+00:00,30438.1944476914
2022-05-18 00:00:00+00:00,28771.2204786675
2022-05-19 00:00:00+00:00,30257.8852483928
2022-05-20 00:00:00+00:00,29224.245998422
2022-05-21 00:00:00+00:00,29420.0782857978
2022-05-22 00:00:00+00:00,30331.87514173
2022-05-23 00:00:00+00:00,29088.2515419638
2022-05-24 00:00:00+00:00,29643.6837556984
2022-05-25 00:00:00+00:00,29577.259880187
2022-05-26 00:00:00+00:00,29332.4860467563
2022-05-27 00:00:00+00:00,28612.0413103448
2022-05-28 00:00:00+00:00,29045.5206344243
2022-05-29 00:00:00+00:00,29430.0689800117
2022-05-30 00:00:00+00:00,31735.9549719462
2022-05-31 00:00:00+00:00,31831.4095251315
2022-06-01 00:00:00+00:00,29825.9221992987
2022-06-02 00:00:00+00:00,30504.2679997078
2022-06-03 00:00:00+00:00,29662.6709708942
2022-06-04 00:00:00+00:00,29792.4076779077
2022-06-05 00:00:00+00:00,29915.4093009936
2022-06-06 00:00:00+00:00,31333.6770197545
2022-06-07 00:00:00+00:00,31175.0324289889
2022-06-08 00:00:00+00:00,30228.464698422
2022-06-09 00:00:00+00:00,30064.4855289305
2022-06-10 00:00:00+00:00,29070.4000300994
2022-06-11 00:00:00+00:00,28360.7899231444
2022-06-12 00:00:00+00:00,26830.2839456458
2022-06-13 00:00:00+00:00,22316.2570400351
2022-06-14 00:00:00+00:00,22072.8663085915
2022-06-15 00:00:00+00:00,22520.7910087668
2022-06-16 00:00:00+00:00,20310.1769848042
2022-06-17 00:00:00+00:00,20464.9290873174
2022-06-18 00:00:00+00:00,19013.8672536528
2022-06-19 00:00:00+00:00,20492.2951683226
2022-06-20 00:00:00+00:00,20571.6292247224
2022-06-21 00:00:00+00:00,20688.4651312098
2022-06-22 00:00:00+00:00,20003.1683375219
2022-06-23 00:00:00+00:00,21097.1028331385
2022-06-24 00:00:00+00:00,21299.0769853887
2022-06-25 00:00:00+00:00,21468.3431566335
2022-06-26 00:00:00+00:00,21066.6209430158
2022-06-27 00:00:00+00:00,20751.0516960842
2022-06-28 00:00:00+00:00,20263.2196393922
2022-06-29 00:00:00+00:00,20080.9480864991
2022-06-30 00:00:00+00:00,19332.9121294565
2022-07-01 00:00:00+00:00,19341.8631240795
2022-07-02 00:00:00+00:00,19231.8317083577
2022-07-03 00:00:00+00:00,19276.5146639392
2022-07-04 00:00:00+00:00,20226.2984745763
2022-07-05 00:00:00+00:00,20193.3427938048
2022-07-06 00:00:00+00:00,20560.8438126826
2022-07-07 00:00:00+00:00,21651.4191423144
2022-07-08 00:00:00+00:00,21813.7871239042
2022-07-09 00:00:00+00:00,21585.1321922852
2022-07-10 00:00:00+00:00,20831.2733915839
2022-07-11 00:00:00+00:00,19971.3294704851
2022-07-12 00:00:00+00:00,19339.1534734074
2022-07-13 00:00:00+00:00,20155.5278386908
2022-07-14 00:00:00+00:00,20552.8990289304
2022-07-15 00:00:00+00:00,20831.722700526
2022-07-16 00:00:00+00:00,21196.5091428989
2022-07-17 00:00:00+00:00,20827.8886085915
2022-07-18 00:00:00+00:00,22305.7066428989
2022-07-19 00:00:00+00:00,23371.2026601403
2022-07-20 00:00:00+00:00,23280.9356680304
2022-07-21 00:00:00+00:00,23152.4093112215
2022-07-22 00:00:00+00:00,22706.0835554646
2022-07-23 00:00:00+00:00,22484.4592317358
2022-07-24 00:00:00+00:00,22653.3570260082
2022-07-25 00:00:00+00:00,21510.1255874342
2022-07-26 00:00:00+00:00,21181.6591967855
2022-07-27 00:00:00+00:00,22898.4150683226
2022-07-28 00:00:00+00:00,23838.5568838691
2022-07-29 00:00:00+00:00,23950.7403798948
2022-07-30 00:00:00+00:00,23623.4349611338
2022-07-31 00:00:00+00:00,23356.1722215079
2022-08-01 00:00:00+00:00,23331.4426969608
2022-08-02 00:00:00+00:00,23031.4268834015
2022-08-03 00:00:00+00:00,22809.7474418469
2022-08-04 00:00:00+00:00,22628.3320821157
2022-08-05 00:00:00+00:00,23248.9715023378
2022-08-06 00:00:00+00:00,22996.2750452952
2022-08-07 00:00:00+00:00,23153.6584713618
2022-08-08 00:00:00+00:00,23803.6505154296
2022-08-09 00:00:00+00:00,23186.2917464641
2022-08-10 00:00:00+00:00,23923.0584830508
2022-08-11 00:00:00+00:00,23934.4390561075
2022-08-12 00:00:00+00:00,24396.3088462887
2022-08-13 00:00:00+00:00,24426.2225748101
2022-08-14 00:00:00+00:00,24314.2021315021
2022-08-15 00:00:00+00:00,24083.9539748685
2022-08-16 00:00:00+00:00,23868.8193530099
2022-08-17 00:00:00+00:00,23336.3489310345
2022-08-18 00:00:00+00:00,23221.1706028638
2022-08-19 00:00:00+00:00,20906.7663141438
2022-08-20 00:00:00+00:00,21146.6548021625
2022-08-21 00:00:00+00:00,21553.9961717125
2022-08-22 00:00:00+00:00,21301.0840581531
2022-08-23 00:00:00+00:00,21534.5143521333
2022-08-24 00:00:00+00:00,21424.9728232028
2022-08-25 00:00:00+00:00,21587.8395844535
2022-08-26 00:00:00+00:00,20246.1655733489
2022-08-27 00:00:00+00:00,20043.9909485681
2022-08-28 00:00:00+00:00,19673.5412188778
2022-08-29 00:00:00+00:00,20270.960383986
2022-08-30 00:00:00+00:00,19825.4632066043
2022-08-31 00:00:00+00:00,20024.6716059614
2022-09-01 00:00:00+00:00,20105.4626072472
2022-09-02 00:00:00+00:00,19948.8567472823
2022-09-03 00:00:00+00:00,19803.8332697253
2022-09-04 00:00:00+00:00,19961.9118907072
2022-09-05 00:00:00+00:00,19797.7967884278
2022-09-06 00:00:00+00:00,18846.150537405
2022-09-07 00:00:00+00:00,19292.9070745178
2022-09-08 00:00:00+00:00,19319.1248512566
2022-09-09 00:00:00+00:00,21363.3136152542
2022-09-10 00:00:00+00:00,21715.2107980713
2022-09-11 00:00:00+00:00,21732.7705686733
2022-09-12 00:00:00+00:00,22365.2145601987
2022-09-13 00:00:00+00:00,20165.0421607247
2022-09-14 00:00:00+00:00,20246.3660424313
2022-09-15 00:00:00+00:00,19696.8698661601
2022-09-16 00:00:00+00:00,19741.5776168907
2022-09-17 00:00:00+00:00,20120.7023459965
2022-09-18 00:00:00+00:00,19427.1002626534
2022-09-19 00:00:00+00:00,19557.9769582116
2022-09-20 00:00:00+00:00,18872.9498667446
2022-09-21 00:00:00+00:00,18506.7607481005
2022-09-22 00:00:00+00:00,19414.5396449445
2022-09-23 00:00:00+00:00,19326.8648199883
2022-09-24 00:00:00+00:00,18924.7677872589
2022-09-25 00:00:00+00:00,18793.1561531268
2022-09-26 00:00:00+00:00,19201.1317209234
2022-09-27 00:00:00+00:00,19106.7389135009
2022-09-28 00:00:00+00:00,19454.937210111
2022-09-29 00:00:00+00:00,19540.8664105786
2022-09-30 00:00:00+00:00,19435.1946917008
2022-10-01 00:00:00+00:00,19311.861629398
2022-10-02 00:00:00+00:00,19015.2928050847
2022-10-03 00:00:00+00:00,19633.4325859147
2022-10-04 00:00:00+00:00,20339.9712811221
2022-10-05 00:00:00+00:00,20155.0996987142
2022-10-06 00:00:00+00:00,19950.5477957335
2022-10-07 00:00:00+00:00,19539.1439216832
2022-10-08 00:00:00+00:00,19416.1772291058
2022-10-09 00:00:00+00:00,19428.3671323787
2022-10-10 00:00:00+00:00,19154.4042346581
2022-10-11 00:00:00+00:00,19039.2820683811
2022-10-12 00:00:00+00:00,19156.9115645821
2022-10-13 00:00:00+00:00,19387.8336806546
2022-10-14 00:00:00+00:00,19177.6941031561
2022-10-15 00:00:00+00:00,19069.8749272355
2022-10-16 00:00:00+00:00,19261.7497878434
2022-10-17 00:00:00+00:00,19557.0218106371
2022-10-18 00:00:00+00:00,19341.4075543542
2022-10-19 00:00:00+00:00,19132.1544254822
2022-10-20 00:00:00+00:00,19033.3760239626
2022-10-21 00:00:00+00:00,19174.8763487434
2022-10-22 00:00:00+00:00,19207.6285078901
2022-10-23 00:00:00+00:00,19565.4123243717
2022-10-24 00:00:00+00:00,19341.460210111
2022-10-25 00:00:00+00:00,20094.9611215663
2022-10-26 00:00:00+00:00,20797.0308258328
2022-10-27 00:00:00+00:00,20280.1751280538
2022-10-28 00:00:00+00:00,20604.6138535944
2022-10-29 00:00:00+00:00,20803.8999205143
2022-10-30 00:00:00+00:00,20616.7033766803
2022-10-31 00:00:00+00:00,20490.8581808884
2022-11-01 00:00:00+00:00,20483.966530976
2022-11-02 00:00:00+00:00,20148.2845537697
2022-11-03 00:00:00+00:00,20198.1111860316
2022-11-04 00:00:00+00:00,21157.2449275278
2022-11-05 00:00:00+00:00,21283.4715999416
2022-11-06 00:00:00+00:00,20946.8030359439
2022-11-07 00:00:00+00:00,20568.5651183518
2022-11-08 00:00:00+00:00,18520.971163647
2022-11-09 00:00:00+00:00,15758.2912819988
2022-11-10 00:00:00+00:00,17541.5602866745
2022-11-11 00:00:00+00:00,16916.8506312098
2022-11-12 00:00:00+00:00,16771.2426718293
2022-11-13 00:00:00+00:00,16320.4983375219
2022-11-14 00:00:00+00:00,16629.4784146698
2022-11-15 00:00:00+00:00,16855.59378609
2022-11-16 00:00:00+00:00,16659.6063345996
2022-11-17 00:00:00+00:00,16675.1790204559
2022-11-18 00:00:00+00:00,16661.5229576271
2022-11-19 00:00:00+00:00,16696.0040581531
2022-11-20 00:00:00+00:00,16246.8446992987
2022-11-21 00:00:00+00:00,15778.0174047341
2022-11-22 00:00:00+00:00,16172.8893445354
2022-11-23 00:00:00+00:00,16574.0617299825
2022-11-24 00:00:00+00:00,16583.5243445354
2022-11-25 00:00:00+00:00,16522.3887767388
2022-11-26 00:00:00+00:00,16448.6413077148
2022-11-27 00:00:00+00:00,16436.0707688486
2022-11-28 00:00:00+00:00,16212.5814161309
2022-11-29 00:00:00+00:00,16443.0368199883
2022-11-30 00:00:00+00:00,17176.8986914085
2022-12-01 00:00:00+00:00,16961.2918042081
2022-12-02 00:00:00+00:00,17075.1091370544
2022-12-03 00:00:00+00:00,16899.5073831093
2022-12-04 00:00:00+00:00,17121.7149824664
2022-12-05 00:00:00+00:00,16961.3517866745
2022-12-06 00:00:00+00:00,17070.5158281707
2022-12-07 00:00:00+00:00,16848.2518243717
2022-12-08 00:00:00+00:00,17231.4563223261
2022-12-09 00:00:00+00:00,17136.1490008767
2022-12-10 00:00:00+00:00,17124.2146797195
2022-12-11 00:00:00+00:00,17094.3606592636
2022-12-12 00:00:00+00:00,17195.5249962011
2022-12-13 00:00:00+00:00,17774.9166320865
2022-12-14 00:00:00+00:00,17809.7240835769
2022-12-15 00:00:00+00:00,17344.0544569258
2022-12-16 00:00:00+00:00,16606.1101750438
2022-12-17 00:00:00+00:00,16774.3853702513
2022-12-18 00:00:00+00:00,16776.1159254822
2022-12-19 00:00:00+00:00,16424.1313857393
2022-12-20 00:00:00+00:00,16901.8169362946
2022-12-21 00:00:00+00:00,16800.5329707773
2022-12-22 00:00:00+00:00,16814.2225791935
2022-12-23 00:00:00+00:00,16780.5169798363
2022-12-24 00:00:00+00:00,16837.612170076
2022-12-25 00:00:00+00:00,16824.8389736996
2022-12-26 00:00:00+00:00,16879.9382273524
2022-12-27 00:00:00+00:00,16698.9112708942
2022-12-28 00:00:00+00:00,16536.2942001753
2022-12-29 00:00:00+00:00,16630.5931551724
2022-12-30 00:00:00+00:00,16593.6888287551
2022-12-31 00:00:00+00:00,16524.2178024547
2023-01-01 00:00:00+00:00,16606.7520432496
2023-01-02 00:00:00+00:00,16688.7192729398
2023-01-03 00:00:00+00:00,16670.0773836937
2023-01-04 00:00:00+00:00,16848.3660391584
2023-01-05 00:00:00+00:00,16824.8001826417
2023-01-06 00:00:00+00:00,16957.8622738165
2023-01-07 00:00:00+00:00,16942.6285891292
2023-01-08 00:00:00+00:00,17059.2399444769
2023-01-09 00:00:00+00:00,17182.3198521333
2023-01-10 00:00:00+00:00,17433.9146320865
2023-01-11 00:00:00+00:00,17833.7107656341
2023-01-12 00:00:00+00:00,18869.7044842198
2023-01-13 00:00:00+00:00,19868.7247454705
2023-01-14 00:00:00+00:00,21010.9227200468
2023-01-15 00:00:00+00:00,20876.0085561075
2023-01-16 00:00:00+00:00,21180.4119485681
2023-01-17 00:00:00+00:00,21178.2993962595
2023-01-18 00:00:00+00:00,20709.6686040327
2023-01-19 00:00:00+00:00,21071.8334152542
2023-01-20 00:00:00+00:00,22660.7169421391
2023-01-21 00:00:00+00:00,22803.172761543
2023-01-22 00:00:00+00:00,22716.2771966686
2023-01-23 00:00:00+00:00,22929.0248936295
2023-01-24 00:00:00+00:00,22611.1268787259
2023-01-25 00:00:00+00:00,23109.0845189947
2023-01-26 00:00:00+00:00,23008.6894766219
2023-01-27 00:00:00+00:00,23070.4964582116
2023-01-28 00:00:00+00:00,23008.8094649328
2023-01-29 00:00:00+00:00,23774.9963679135
2023-01-30 00:00:00+00:00,22799.427261543
2023-01-31 00:00:00+00:00,23130.0519132087
2023-02-01 00:00:00+00:00,23727.2026075395
2023-02-02 00:00:00+00:00,23505.6048430742
2023-02-03 00:00:00+00:00,23445.8131773816
2023-02-04 00:00:00+00:00,23355.5243863238
2023-02-05 00:00:00+00:00,22957.2251905319
2023-02-06 00:00:00+00:00,22745.1650371128
2023-02-07 00:00:00+00:00,23266.2692036821
2023-02-08 00:00:00+00:00,22937.5799453536
2023-02-09 00:00:00+00:00,21818.1989456458
2023-02-10 00:00:00+00:00,21620.5667837522
2023-02-11 00:00:00+00:00,21864.8626414378
2023-02-12 00:00:00+00:00,21772.1373252484
2023-02-13 00:00:00+00:00,21798.7157168323
2023-02-14 00:00:00+00:00,22222.415043834
2023-02-15 00:00:00+00:00,24304.6129827586
2023-02-16 00:00:00+00:00,23742.4488354763
2023-02-17 00:00:00+00:00,24607.3356054939
2023-02-18 00:00:00+00:00,24636.5266127995
2023-02-19 00:00:00+00:00,24366.9907606663
2023-02-20 00:00:00+00:00,24797.8430359439
2023-02-21 00:00:00+00:00,24400.3893898305
2023-02-22 00:00:00+00:00,24163.7389812975
2023-02-23 00:00:00+00:00,23910.0342104033
2023-02-24 00:00:00+00:00,23175.8242036821
2023-02-25 00:00:00+00:00,23159.8154403857
2023-02-26 00:00:00+00:00,23542.0964281122
2023-02-27 00:00:00+00:00,23504.1894178843
2023-02-28 00:00:00+00:00,23145.9491277031
2023-03-01 00:00:00+00:00,23610.6590902981
2023-03-02 00:00:00+00:00,23470.0254815897
2023-03-03 00:00:00+00:00,22350.0962340736
2023-03-04 00:00:00+00:00,22334.2852638808
2023-03-05 00:00:00+00:00,22419.8171390999
2023-03-06 00:00:00+00:00,22414.7033056692
2023-03-07 00:00:00+00:00,22174.6484725307
2023-03-08 00:00:00+00:00,21701.3846227352
2023-03-09 00:00:00+00:00,20349.8141732905
2023-03-10 00:00:00+00:00,20240.406694623
2023-03-11 00:00:00+00:00,20585.2343290473
2023-03-12 00:00:00+00:00,22065.9800359439
2023-03-13 00:00:00+00:00,24154.4290946815
2023-03-14 00:00:00+00:00,24769.0175691409
2023-03-15 00:00:00+00:00,24409.8017518995
2023-03-16 00:00:00+00:00,25043.2388468732
2023-03-17 00:00:00+00:00,27450.6282933957
2023-03-18 00:00:00+00:00,26985.7359915254
2023-03-19 00:00:00+00:00,28185.2043319696
2023-03-20 00:00:00+00:00,27834.3361090006
2023-03-21 00:00:00+00:00,28172.7950558153
2023-03-22 00:00:00+00:00,27341.5571297487
2023-03-23 00:00:00+00:00,28387.8897495617
2023-03-24 00:00:00+00:00,27464.1249453536
2023-03-25 00:00:00+00:00,27488.954880187
2023-03-26 00:00:00+00:00,28049.3916911163
2023-03-27 00:00:00+00:00,27154.9963702513
2023-03-28 00:00:00+00:00,27283.9634029807
2023-03-29 00:00:00+00:00,28389.2917784921
2023-03-30 00:00:00+00:00,28021.5583009936
2023-03-31 00:00:00+00:00,28514.6813062537
2023-04-01 00:00:00+00:00,28494.5638863238
2023-04-02 00:00:00+00:00,28161.9980362361
2023-04-03 00:00:00+00:00,27850.9799436002
2023-04-04 00:00:00+00:00,28113.9585187025
2023-04-05 00:00:00+00:00,28190.3116063705
2023-04-06 00:00:00+00:00,28049.0744763296
2023-04-07 00:00:00+00:00,27936.8042609585
2023-04-08 00:00:00+00:00,27964.0512498539
2023-04-09 00:00:00+00:00,28357.8072703098
2023-04-10 00:00:00+00:00,29687.5651846873
2023-04-11 00:00:00+00:00,30247.0959193454
2023-04-12 00:00:00+00:00,29913.0035463472
2023-04-13 00:00:00+00:00,30370.82207218
2023-04-14 00:00:00+00:00,30458.9700414962
2023-04-15 00:00:00+00:00,30342.0591084161
2023-04-16 00:00:00+00:00,30312.9308533022
2023-04-17 00:00:00+00:00,29469.5050727645
2023-04-18 00:00:00+00:00,30366.8723813559
2023-04-19 00:00:00+00:00,28796.7440952659
2023-04-20 00:00:00+00:00,28251.2763790181
2023-04-21 00:00:00+00:00,27292.0211052016
2023-04-22 00:00:00+00:00,27827.5475920514
2023-04-23 00:00:00+00:00,27604.6855742256
2023-04-24 00:00:00+00:00,27520.1996729982
2023-04-25 00:00:00+00:00,28302.6942180012
2023-04-26 00:00:00+00:00,28384.2340333139
2023-04-27 00:00:00+00:00,29465.5514272355
2023-04-28 00:00:00+00:00,29350.811886616
2023-04-29 00:00:00+00:00,29221.5145075979
2023-04-30 00:00:00+00:00,29362.0867974868
2023-05-01 00:00:00+00:00,28114.9531873174
2023-05-02 00:00:00+00:00,28690.5809959088
2023-05-03 00:00:00+00:00,29045.0427735243
2023-05-04 00:00:00+00:00,28855.8574465225
2023-05-05 00:00:00+00:00,29552.9695236704
2023-05-06 00:00:00+00:00,28899.4629602572
2023-05-07 00:00:00+00:00,28761.738434249
2023-05-08 00:00:00+00:00,27727.2854091175
2023-05-09 00:00:00+00:00,27642.4281092928
2023-05-10 00:00:00+00:00,27646.004902104
2023-05-11 00:00:00+00:00,26986.271065751
2023-05-12 00:00:00+00:00,26773.3443591467
2023-05-13 00:00:00+00:00,26841.3982913501
2023-05-14 00:00:00+00:00,26918.261597896
2023-05-15 00:00:00+00:00,27231.6216052016
2023-05-16 00:00:00+00:00,27025.7181864407
2023-05-17 00:00:00+00:00,27401.0440610754
2023-05-18 00:00:00+00:00,26843.2350938048
2023-05-19 00:00:00+00:00,26889.503631502
2023-05-20 00:00:00+00:00,27100.8582878434
2023-05-21 00:00:00+00:00,26777.0977831677
2023-05-22 00:00:00+00:00,26858.7370637054
2023-05-23 00:00:00+00:00,27226.8558763881
2023-05-24 00:00:00+00:00,26341.4306446522
2023-05-25 00:00:00+00:00,26484.8359234366
2023-05-26 00:00:00+00:00,26720.3838071303
2023-05-27 00:00:00+00:00,26854.5403702513
2023-05-28 00:00:00+00:00,28097.5211259497
2023-05-29 00:00:00+00:00,27765.0728693746
2023-05-30 00:00:00+00:00,27712.4915844535
2023-05-31 00:00:00+00:00,27217.6832580362
2023-06-01 00:00:00+00:00,26825.3713451198
2023-06-02 00:00:00+00:00,27255.2279941555
2023-06-03 00:00:00+00:00,27079.4084643483
2023-06-04 00:00:00+00:00,27158.25456955
2023-06-05 00:00:00+00:00,25785.8514842198
2023-06-06 00:00:00+00:00,27213.7705187025
2023-06-07 00:00:00+00:00,26339.5790292227
2023-06-08 00:00:00+00:00,26521.693600526
2023-06-09 00:00:00+00:00,26470.6775780245
2023-06-10 00:00:00+00:00,25863.2138506721
2023-06-11 00:00:00+00:00,25906.8281516657
2023-06-12 00:00:00+00:00,25906.7519354179
2023-06-13 00:00:00+00:00,25880.8599734074
2023-06-14 00:00:00+00:00,25097.5853796026
2023-06-15 00:00:00+00:00,25559.1433293396
2023-06-16 00:00:00+00:00,26331.8200943892
2023-06-17 00:00:00+00:00,26514.1713495032
2023-06-18 00:00:00+00:00,26353.962682934
2023-06-19 00:00:00+00:00,26778.0634415547
2023-06-20 00:00:00+00:00,28305.4204573349
2023-06-21 00:00:00+00:00,30099.5153509643
2023-06-22 00:00:00+00:00,29952.5112866745
2023-06-23 00:00:00+00:00,30638.3537644652
2023-06-24 00:00:00+00:00,30549.0162872589
2023-06-25 00:00:00+00:00,30467.4403705435
2023-06-26 00:00:00+00:00,30255.8861241964
2023-06-27 00:00:00+00:00,30667.0762948568
2023-06-28 00:00:00+00:00,30104.0432717709
2023-06-29 00:00:00+00:00,30460.792978083
2023-06-30 00:00:00+00:00,30484.503257744
2023-07-01 00:00:00+00:00,30581.6889655172
2023-07-02 00:00:00+00:00,30594.2164736996
2023-07-03 00:00:00+00:00,31135.3575993571
2023-07-04 00:00:00+00:00,30799.9474558738
2023-07-05 00:00:00+00:00,30497.8221282876
2023-07-06 00:00:00+00:00,29979.7298094681
2023-07-07 00:00:00+00:00,30329.8829786674
2023-07-08 00:00:00+00:00,30263.6196341321
2023-07-09 00:00:00+00:00,30163.2210563998
2023-07-10 00:00:00+00:00,30394.6555806546
2023-07-11 00:00:00+00:00,30616.247094097
2023-07-12 00:00:00+00:00,30385.6087852133
2023-07-13 00:00:00+00:00,31434.7354704851
2023-07-14 00:00:00+00:00,30310.6720204559
2023-07-15 00:00:00+00:00,30290.8905958504
2023-07-16 00:00:00+00:00,30249.7729658095
2023-07-17 00:00:00+00:00,30143.7462744009
2023-07-18 00:00:00+00:00,29835.7474076563
2023-07-19 00:00:00+00:00,29913.0294646406
2023-07-20 00:00:00+00:00,29805.6065707189
2023-07-21 00:00:00+00:00,29919.6934921099
2023-07-22 00:00:00+00:00,29726.0096271186
2023-07-23 00:00:00+00:00,30066.5724482759
2023-07-24 00:00:00+00:00,29178.3597042665
2023-07-25 00:00:00+00:00,29221.2548533022
2023-07-26 00:00:00+00:00,29361.5917580362
2023-07-27 00:00:00+00:00,29201.6865175336
2023-07-28 00:00:00+00:00,29316.3130751023
2023-07-29 00:00:00+00:00,29360.376179135
2023-07-30 00:00:00+00:00,29262.8367337814
2023-07-31 00:00:00+00:00,29219.8201887785
2023-08-01 00:00:00+00:00,29499.5875385739
2023-08-02 00:00:00+00:00,29143.1519620105
2023-08-03 00:00:00+00:00,29192.3448617767
2023-08-04 00:00:00+00:00,29057.2532437171
2023-08-05 00:00:00+00:00,29053.0956975453
2023-08-06 00:00:00+00:00,29048.0433275862
2023-08-07 00:00:00+00:00,29164.3585873758
2023-08-08 00:00:00+00:00,29779.511383986
2023-08-09 00:00:00+00:00,29582.9442375804
2023-08-10 00:00:00+00:00,29430.1599117475
2023-08-11 00:00:00+00:00,29399.784739626
2023-08-12 00:00:00+00:00,29415.733902104
2023-08-13 00:00:00+00:00,29286.1176110462
2023-08-14 00:00:00+00:00,29408.9717127411
2023-08-15 00:00:00+00:00,29167.59721654
2023-08-16 00:00:00+00:00,28754.2924079486
2023-08-17 00:00:00+00:00,26660.5627264757
2023-08-18 00:00:00+00:00,26037.3658474576
2023-08-19 00:00:00+00:00,26093.981808007
2023-08-20 00:00:00+00:00,26176.4721642315
2023-08-21 00:00:00+00:00,26128.9050160725
2023-08-22 00:00:00+00:00,25978.2096914085
2023-08-23 00:00:00+00:00,26452.1935882525
2023-08-24 00:00:00+00:00,26126.7943331385
2023-08-25 00:00:00+00:00,26040.881255114
2023-08-26 00:00:00+00:00,26006.1740800701
2023-08-27 00:00:00+00:00,26086.3612594974
2023-08-28 00:00:00+00:00,26103.2765730567
2023-08-29 00:00:00+00:00,27672.2221306254
2023-08-30 00:00:00+00:00,27298.997779661
2023-08-31 00:00:00+00:00,25954.8665935126
2023-09-01 00:00:00+00:00,25802.7885298071
2023-09-02 00:00:00+00:00,25868.2960976037
2023-09-03 00:00:00+00:00,25962.5475689655
2023-09-04 00:00:00+00:00,25799.5256870251
2023-09-05 00:00:00+00:00,25782.3622200468
2023-09-06 00:00:00+00:00,25754.7902676797
2023-09-07 00:00:00+00:00,26210.6045637054
2023-09-08 00:00:00+00:00,25904.6982127411
2023-09-09 00:00:00+00:00,25894.6205976037
2023-09-10 00:00:00+00:00,25831.4647802455
2023-09-11 00:00:00+00:00,25135.0393781414
2023-09-12 00:00:00+00:00,25859.7018068381
2023-09-13 00:00:00+00:00,26226.8667524839
2023-09-14 00:00:00+00:00,26556.056943308
2023-09-15 00:00:00+00:00,26672.6160818235
2023-09-16 00:00:00+00:00,26555.6361031561
2023-09-17 00:00:00+00:00,26502.4321189363
2023-09-18 00:00:00+00:00,26764.6319064874
2023-09-19 00:00:00+00:00,27215.0504848042
2023-09-20 00:00:00+00:00,27133.4037235535
2023-09-21 00:00:00+00:00,26571.5952919345
2023-09-22 00:00:00+00:00,26581.1476116306
2023-09-23 00:00:00+00:00,26575.776386616
2023-09-24 00:00:00+00:00,26286.6410488019
2023-09-25 00:00:00+00:00,26288.8095005845
2023-09-26 00:00:00+00:00,26194.5378880772
2023-09-27 00:00:00+00:00,26336.0825973115
2023-09-28 00:00:00+00:00,27033.4254415546
2023-09-29 00:00:00+00:00,26911.2514739918
2023-09-30 00:00:00+00:00,26977.6933126826
2023-10-01 00:00:00+00:00,27950.1453594389
2023-10-02 00:00:00+00:00,27565.8892954413
2023-10-03 00:00:00+00:00,27439.1422393337
2023-10-04 00:00:00+00:00,27797.251176505
2023-10-05 00:00:00+00:00,27426.3450926359
2023-10-06 00:00:00+00:00,27941.9633760959
2023-10-07 00:00:00+00:00,27972.7515704266
2023-10-08 00:00:00+00:00,27936.3261157218
2023-10-09 00:00:00+00:00,27591.3467618352
2023-10-10 00:00:00+00:00,27419.7971803039
2023-10-11 00:00:00+00:00,26828.1725710111
2023-10-12 00:00:00+00:00,26741.3405990649
2023-10-13 00:00:00+00:00,26842.4467703098
2023-10-14 00:00:00+00:00,26861.9892375804
2023-10-15 00:00:00+00:00,27130.3067092344
2023-10-16 00:00:00+00:00,28506.7936741671
2023-10-17 00:00:00+00:00,28433.2051522501
2023-10-18 00:00:00+00:00,28328.0750195792
2023-10-19 00:00:00+00:00,28690.358041204
2023-10-20 00:00:00+00:00,29704.9853673291
2023-10-21 00:00:00+00:00,29922.5464044418
2023-10-22 00:00:00+00:00,29984.1593196961
2023-10-23 00:00:00+00:00,32954.1690482174
2023-10-24 00:00:00+00:00,33880.9566537113
2023-10-25 00:00:00+00:00,34488.6589210988
2023-10-26 00:00:00+00:00,34181.4922521917
2023-10-27 00:00:00+00:00,33896.938528346
2023-10-28 00:00:00+00:00,34091.5890327294
2023-10-29 00:00:00+00:00,34574.3377206312
2023-10-30 00:00:00+00:00,34495.1050207481
2023-10-31 00:00:00+00:00,34636.4264736996
2023-11-01 00:00:00+00:00,35431.9794532437
2023-11-02 00:00:00+00:00,34882.9173366452
2023-11-03 00:00:00+00:00,34708.2218804792
2023-11-04 00:00:00+00:00,35091.0763062537
2023-11-05 00:00:00+00:00,35105.0420265926
2023-11-06 00:00:00+00:00,35017.7151484512
2023-11-07 00:00:00+00:00,35418.4768901227
2023-11-08 00:00:00+00:00,35797.8946090006
2023-11-09 00:00:00+00:00,36675.3264333723
2023-11-10 00:00:00+00:00,37367.4943722969
2023-11-11 00:00:00+00:00,36979.9312405026
2023-11-12 00:00:00+00:00,37053.3410514319
2023-11-13 00:00:00+00:00,36543.2680870836
2023-11-14 00:00:00+00:00,35590.6835645821
2023-11-15 00:00:00+00:00,37840.5534894798
2023-11-16 00:00:00+00:00,36160.4044509059
2023-11-17 00:00:00+00:00,36569.7120534775
2023-11-18 00:00:00+00:00,36577.4249617183
2023-11-19 00:00:00+00:00,37442.7285119813
2023-11-20 00:00:00+00:00,37516.0503708358
2023-11-21 00:00:00+00:00,36035.0330862069
2023-11-22 00:00:00+00:00,37403.0347168323
2023-11-23 00:00:00+00:00,37311.7192156634
2023-11-24 00:00:00+00:00,37718.7841630625
2023-11-25 00:00:00+00:00,37800.1260932203
2023-11-26 00:00:00+00:00,37482.7055260082
2023-11-27 00:00:00+00:00,37229.2452197545
2023-11-28 00:00:00+00:00,37828.4655911748
2023-11-29 00:00:00+00:00,37846.8531227352
2023-11-30 00:00:00+00:00,37712.7114789597
2023-12-01 00:00:00+00:00,38703.5536820573
2023-12-02 00:00:00+00:00,39462.2799272355
2023-12-03 00:00:00+00:00,39978.2226104617
2023-12-04 00:00:00+00:00,41910.2994815897
2023-12-05 00:00:00+00:00,44067.0054763296
2023-12-06 00:00:00+00:00,43745.8343907072
2023-12-07 00:00:00+00:00,43282.6182261835
2023-12-08 00:00:00+00:00,44205.0522089421
2023-12-09 00:00:00+00:00,43740.0063927528
2023-12-10 00:00:00+00:00,43732.7120900059
2023-12-11 00:00:00+00:00,41209.8947904734
2023-12-12 00:00:00+00:00,41467.2735698422
2023-12-13 00:00:00+00:00,42939.0607583285
2023-12-14 00:00:00+00:00,43033.1371560491
2023-12-15 00:00:00+00:00,41978.0970195792
2023-12-16 00:00:00+00:00,42203.2140450029
2023-12-17 00:00:00+00:00,41428.6657855056
2023-12-18 00:00:00+00:00,42635.7331911163
2023-12-19 00:00:00+00:00,42271.863025716
2023-12-20 00:00:00+00:00,43605.1555549386
2023-12-21 00:00:00+00:00,43870.2382340736
2023-12-22 00:00:00+00:00,44009.5016551724
2023-12-23 00:00:00+00:00,43768.8067518995
2023-12-24 00:00:00+00:00,43097.8093258329
2023-12-25 00:00:00+00:00,43623.7504029807
2023-12-26 00:00:00+00:00,42491.1229079486
2023-12-27 00:00:00+00:00,43436.9594269433
2023-12-28 00:00:00+00:00,42670.6797180012
2023-12-29 00:00:00+00:00,41998.6033442431
2023-12-30 00:00:00+00:00,42204.4917744009
2023-12-31 00:00:00+00:00,42217.1587913501
2024-01-01 00:00:00+00:00,44049.4735534775
2024-01-02 00:00:00+00:00,44941.160493571
2024-01-03 00:00:00+00:00,42773.6515423729
2024-01-04 00:00:00+00:00,44250.7452670953
2024-01-05 00:00:00+00:00,44146.3222022209
2024-01-06 00:00:00+00:00,43917.9798147282
2024-01-07 00:00:00+00:00,43844.195949737
2024-01-08 00:00:00+00:00,46981.3242995324
2024-01-09 00:00:00+00:00,46084.005795149
2024-01-10 00:00:00+00:00,46818.1592764465
2024-01-11 00:00:00+00:00,46380.8708082992
2024-01-12 00:00:00+00:00,42817.4305356517
2024-01-13 00:00:00+00:00,42846.9544699006
2024-01-14 00:00:00+00:00,41888.1513068381
2024-01-15 00:00:00+00:00,42528.9192489772
2024-01-16 00:00:00+00:00,43171.4472241379
2024-01-17 00:00:00+00:00,42689.304327294
2024-01-18 00:00:00+00:00,41261.9076177674
2024-01-19 00:00:00+00:00,41606.8535330216
2024-01-20 00:00:00+00:00,41668.6904102864
2024-01-21 00:00:00+00:00,41537.1123562244
2024-01-22 00:00:00+00:00,39577.0998603156
2024-01-23 00:00:00+00:00,39737.3143617767
2024-01-24 00:00:00+00:00,40101.8568980129
2024-01-25 00:00:00+00:00,39917.6611461134
2024-01-26 00:00:00+00:00,41860.7310458796
2024-01-27 00:00:00+00:00,42125.3014155465
2024-01-28 00:00:00+00:00,41983.0202744009
2024-01-29 00:00:00+00:00,43218.3470821157
2024-01-30 00:00:00+00:00,42950.0541277031
2024-01-31 00:00:00+00:00,42589.4708059614
2024-02-01 00:00:00+00:00,43020.3596548802
2024-02-02 00:00:00+00:00,43155.3852030976
2024-02-03 00:00:00+00:00,42982.3789979544
2024-02-04 00:00:00+00:00,42576.2913050847
2024-02-05 00:00:00+00:00,42619.2742738165
2024-02-06 00:00:00+00:00,43102.7062632963
2024-02-07 00:00:00+00:00,44253.0314731151
2024-02-08 00:00:00+00:00,45332.09157218
2024-02-09 00:00:00+00:00,47176.9665137347
2024-02-10 00:00:00+00:00,47792.8972156634
2024-02-11 00:00:00+00:00,48200.7986057861
2024-02-12 00:00:00+00:00,49989.80371654
2024-02-13 00:00:00+00:00,49628.0941528346
2024-02-14 00:00:00+00:00,51844.2929193454
2024-02-15 00:00:00+00:00,51939.1472919345
2024-02-16 00:00:00+00:00,52157.3123977206
2024-02-17 00:00:00+00:00,51674.8158521333
2024-02-18 00:00:00+00:00,52148.0645365283
2024-02-19 00:00:00+00:00,51804.8051537113
2024-02-20 00:00:00+00:00,52308.0531712449
2024-02-21 00:00:00+00:00,51744.321808007
2024-02-22 00:00:00+00:00,51292.3252574518
2024-02-23 00:00:00+00:00,50789.1431759205
2024-02-24 00:00:00+00:00,51578.2349164231
2024-02-25 00:00:00+00:00,51746.4789669784
2024-02-26 00:00:00+00:00,54551.8259184687
2024-02-27 00:00:00+00:00,57049.888220339
2024-02-28 00:00:00+00:00,62460.740619813
2024-02-29 00:00:00+00:00,61394.7818515488
2024-03-01 00:00:00+00:00,62524.401817066
2024-03-02 00:00:00+00:00,62049.6145637054
2024-03-03 00:00:00+00:00,62991.4422913501
2024-03-04 00:00:00+00:00,68091.8388243717
2024-03-05 00:00:00+00:00,63950.524329924
2024-03-06 00:00:00+00:00,66103.7215400351
2024-03-07 00:00:00+00:00,67070.3791484512
2024-03-08 00:00:00+00:00,68343.7149552893
2024-03-09 00:00:00+00:00,68502.5053392753
2024-03-10 00:00:00+00:00,68882.2513395675
2024-03-11 00:00:00+00:00,72198.0875341905
2024-03-12 00:00:00+00:00,71432.7283018702
2024-03-13 00:00:00+00:00,73081.5759053185
2024-03-14 00:00:00+00:00,71505.2729076563
2024-03-15 00:00:00+00:00,69424.9141753361
2024-03-16 00:00:00+00:00,65433.6819006429
2024-03-17 00:00:00+00:00,68285.0891691993
2024-03-18 00:00:00+00:00,67770.8865245471
2024-03-19 00:00:00+00:00,61969.3075394506
2024-03-20 00:00:00+00:00,67848.1076396844
2024-03-21 00:00:00+00:00,65454.7357232612
2024-03-22 00:00:00+00:00,63486.4849997078
2024-03-23 00:00:00+00:00,64361.2429047341
2024-03-24 00:00:00+00:00,67289.5658310929
2024-03-25 00:00:00+00:00,70042.0204237288
2024-03-26 00:00:00+00:00,70071.0472144945
2024-03-27 00:00:00+00:00,69267.8879815897
2024-03-28 00:00:00+00:00,70826.8968714202
2024-03-29 00:00:00+00:00,69917.0430070134
2024-03-30 00:00:00+00:00,69663.0119073641
2024-03-31 00:00:00+00:00,71227.4517939801
2024-04-01 00:00:00+00:00,69791.6277305669
2024-04-02 00:00:00+00:00,65533.7548351841
2024-04-03 00:00:00+00:00,66130.2162393337
2024-04-04 00:00:00+00:00,68438.135024547
2024-04-05 00:00:00+00:00,67904.9094766219
2024-04-06 00:00:00+00:00,69136.0710783168
2024-04-07 00:00:00+00:00,69392.6830108124
2024-04-08 00:00:00+00:00,71712.7972840444
2024-04-09 00:00:00+00:00,69074.5418638223
2024-04-10 00:00:00+00:00,70579.4456767972
2024-04-11 00:00:00+00:00,70046.5536057861
2024-04-12 00:00:00+00:00,67098.113691993
2024-04-13 00:00:00+00:00,64551.6482875512
2024-04-14 00:00:00+00:00,65648.8099602572
2024-04-15 00:00:00+00:00,63393.325166277
2024-04-16 00:00:00+00:00,63784.8203340152
2024-04-17 00:00:00+00:00,61324.2184286967
2024-04-18 00:00:00+00:00,63510.14500263
2024-04-19 00:00:00+00:00,63762.6310300994
2024-04-20 00:00:00+00:00,64907.9928366452
2024-04-21 00:00:00+00:00,64968.192619813
2024-04-22 00:00:00+00:00,66944.5960911748
2024-04-23 00:00:00+00:00,66385.3002919345
2024-04-24 00:00:00+00:00,64189.9679064874
2024-04-25 00:00:00+00:00,64515.3874725307
2024-04-26 00:00:00+00:00,63777.4715002922
2024-04-27 00:00:00+00:00,63429.3099649328
2024-04-28 00:00:00+00:00,62978.5770049678
2024-04-29 00:00:00+00:00,63908.3888766803
2024-04-30 00:00:00+00:00,60636.3261633548
2024-05-01 00:00:00+00:00,58141.7772799532
2024-05-02 00:00:00+00:00,59170.1088936295
2024-05-03 00:00:00+00:00,62983.6554783752
2024-05-04 00:00:00+00:00,63881.1305429573
2024-05-05 00:00:00+00:00,64067.5959918177
2024-05-06 00:00:00+00:00,63228.1031341321
2024-05-07 00:00:00+00:00,62396.999720339
2024-05-08 00:00:00+00:00,61079.27442782
2024-05-09 00:00:00+00:00,62998.4903381064
2024-05-10 00:00:00+00:00,60896.6418880772
2024-05-11 00:00:00+00:00,60843.5729240211
2024-05-12 00:00:00+00:00,61431.2746879018
2024-05-13 00:00:00+00:00,62886.9394491526
2024-05-14 00:00:00+00:00,61555.5670046756
2024-05-15 00:00:00+00:00,66281.5322542373
2024-05-16 00:00:00+00:00,65269.2603246639
2024-05-17 00:00:00+00:00,66956.4409476914
2024-05-18 00:00:00+00:00,66977.6006914085
2024-05-19 00:00:00+00:00,66259.4704260666
2024-05-20 00:00:00+00:00,71202.2025902981
2024-05-21 00:00:00+00:00,70217.2546914085
2024-05-22 00:00:00+00:00,69074.9141350088
2024-05-23 00:00:00+00:00,67758.7306586791
2024-05-24 00:00:00+00:00,68608.998279661
2024-05-25 00:00:00+00:00,69282.7925976037
2024-05-26 00:00:00+00:00,68445.0069532437
2024-05-27 00:00:00+00:00,69347.815260374
2024-05-28 00:00:00+00:00,68342.8204488603
2024-05-29 00:00:00+00:00,67584.2632402104
2024-05-30 00:00:00+00:00,68375.4760260082
2024-05-31 00:00:00+00:00,67377.7626122151
2024-06-01 00:00:00+00:00,67714.3526399766
2024-06-02 00:00:00+00:00,67805.4855742256
2024-06-03 00:00:00+00:00,68833.3028351841
2024-06-04 00:00:00+00:00,70554.0894330801
2024-06-05 00:00:00+00:00,71087.4433158971
2024-06-06 00:00:00+00:00,70788.5013755114
2024-06-07 00:00:00+00:00,69338.1573240795
2024-06-08 00:00:00+00:00,69310.1092618352
2024-06-09 00:00:00+00:00,69644.0190894214
2024-06-10 00:00:00+00:00,69465.9362478083
2024-06-11 00:00:00+00:00,67368.263506429
2024-06-12 00:00:00+00:00,68213.8346838106
2024-06-13 00:00:00+00:00,66783.4902767388
2024-06-14 00:00:00+00:00,65982.1865195792
2024-06-15 00:00:00+00:00,66204.904308007
2024-06-16 00:00:00+00:00,66622.5999336645
2024-06-17 00:00:00+00:00,66483.8785260082
2024-06-18 00:00:00+00:00,65112.1230020456
2024-06-19 00:00:00+00:00,64878.7141525424
2024-06-20 00:00:00+00:00,64897.7011542957
2024-06-21 00:00:00+00:00,64086.0489228521
2024-06-22 00:00:00+00:00,64258.135506429
2024-06-23 00:00:00+00:00,63345.0218760959
2024-06-24 00:00:00+00:00,60258.9554374635
2024-06-25 00:00:00+00:00,61739.6658477498
2024-06-26 00:00:00+00:00,60794.4760584454
2024-06-27 00:00:00+00:00,61569.9234275278
2024-06-28 00:00:00+00:00,60303.3147364115
2024-06-29 00:00:00+00:00,60889.3298430742
2024-06-30 00:00:00+00:00,62763.2796861485
2024-07-01 00:00:00+00:00,62835.3997647575
2024-07-02 00:00:00+00:00,62028.6170385739
2024-07-03 00:00:00+00:00,60216.3920859147
2024-07-04 00:00:00+00:00,57418.2420213326
2024-07-05 00:00:00+00:00,56720.9881256575
2024-07-06 00:00:00+00:00,58259.221773232
2024-07-07 00:00:00+00:00,56112.5725587376
2024-07-08 00:00:00+00:00,56691.9149061952
2024-07-09 00:00:00+00:00,57981.4320967271
2024-07-10 00:00:00+00:00,57722.0113527177
2024-07-11 00:00:00+00:00,57307.712738457
2024-07-12 00:00:00+00:00,57859.1202819988
2024-07-13 00:00:00+00:00,59329.0372016365
2024-07-14 00:00:00+00:00,61015.0339412624
2024-07-15 00:00:00+00:00,64734.7611697837
2024-07-16 00:00:00+00:00,65118.8266583869
2024-07-17 00:00:00+00:00,64201.3707805377
2024-07-18 00:00:00+00:00,63984.3022022209
2024-07-19 00:00:00+00:00,66755.7833828171
2024-07-20 00:00:00+00:00,67185.4978112215
2024-07-21 00:00:00+00:00,68056.6201215663
2024-07-22 00:00:00+00:00,67535.1976738749
2024-07-23 00:00:00+00:00,65916.4081616014
2024-07-24 00:00:00+00:00,65353.3857784921
2024-07-25 00:00:00+00:00,65722.0611917007
2024-07-26 00:00:00+00:00,67912.2433091759
2024-07-27 00:00:00+00:00,68077.3730812391
2024-07-28 00:00:00+00:00,68170.6691309176
2024-07-29 00:00:00+00:00,66867.167277031
2024-07-30 00:00:00+00:00,66186.9146861484
2024-07-31 00:00:00+00:00,64690.6340385739
2024-08-01 00:00:00+00:00,65178.0554891876
2024-08-02 00:00:00+00:00,61506.7698877849
2024-08-03 00:00:00+00:00,60688.2444272355
2024-08-04 00:00:00+00:00,58306.2644786675
2024-08-05 00:00:00+00:00,54343.6276773816
2024-08-06 00:00:00+00:00,56047.4712866744
2024-08-07 00:00:00+00:00,55129.7410376973
2024-08-08 00:00:00+00:00,61908.7896724138
2024-08-09 00:00:00+00:00,60720.9407594974
2024-08-10 00:00:00+00:00,60871.5550727645
2024-08-11 00:00:00+00:00,58836.1043722969
2024-08-12 00:00:00+00:00,59394.1629538282
2024-08-13 00:00:00+00:00,60536.2457846289
2024-08-14 00:00:00+00:00,58840.6466797195
2024-08-15 00:00:00+00:00,57644.1876879018
2024-08-16 00:00:00+00:00,58927.2765087668
2024-08-17 00:00:00+00:00,59414.6743351841
2024-08-18 00:00:00+00:00,58793.2061458212
2024-08-19 00:00:00+00:00,59411.5190169492
2024-08-20 00:00:00+00:00,59123.3002662186
2024-08-21 00:00:00+00:00,61133.0256493279
2024-08-22 00:00:00+00:00,60394.4737749854
2024-08-23 00:00:00+00:00,64106.8029152543
2024-08-24 00:00:00+00:00,64023.226703682
2024-08-25 00:00:00+00:00,64498.0183413209
2024-08-26 00:00:00+00:00,62983.4427729398
2024-08-27 00:00:00+00:00,59548.0076215663
2024-08-28 00:00:00+00:00,59100.7747548217
2024-08-29 00:00:00+00:00,59339.7909947399
2024-08-30 00:00:00+00:00,59142.9399640561
2024-08-31 00:00:00+00:00,58959.926273232
2024-09-01 00:00:00+00:00,57349.0807180012
2024-09-02 00:00:00+00:00,59159.0238877849
2024-09-03 00:00:00+00:00,57637.7754444769
2024-09-04 00:00:00+00:00,58033.3989704851
2024-09-05 00:00:00+00:00,56112.9529400935
2024-09-06 00:00:00+00:00,53838.9534623028
2024-09-07 00:00:00+00:00,54066.4399248977
2024-09-08 00:00:00+00:00,54859.2584082408
2024-09-09 00:00:00+00:00,57135.7814371712
2024-09-10 00:00:00+00:00,57664.4998214494
2024-09-11 00:00:00+00:00,57409.1950663355
2024-09-12 00:00:00+00:00,58124.6418065459
2024-09-13 00:00:00+00:00,60536.8814503215
2024-09-14 00:00:00+00:00,60007.1702507306
2024-09-15 00:00:00+00:00,59129.9197536528
2024-09-16 00:00:00+00:00,58227.46421654
2024-09-17 00:00:00+00:00,60238.2177255991
2024-09-18 00:00:00+00:00,61306.2337317358
2024-09-19 00:00:00+00:00,62994.6096528346
2024-09-20 00:00:00+00:00,63153.9518270018
2024-09-21 00:00:00+00:00,63367.7296078317
2024-09-22 00:00:00+00:00,63571.9521729983
2024-09-23 00:00:00+00:00,63336.0126347165
2024-09-24 00:00:00+00:00,64342.7891113384
2024-09-25 00:00:00+00:00,63059.6269167154
2024-09-26 00:00:00+00:00,65057.7861461134
2024-09-27 00:00:00+00:00,65767.7132542373
2024-09-28 00:00:00+00:00,65770.5276478667
2024-09-29 00:00:00+00:00,65617.7610689655
2024-09-30 00:00:00+00:00,63260.0425482174
2024-10-01 00:00:00+00:00,60858.2487086499
2024-10-02 00:00:00+00:00,60686.0993135593
2024-10-03 00:00:00+00:00,60765.2367498539
2024-10-04 00:00:00+00:00,62052.5100496785
2024-10-05 00:00:00+00:00,62030.4538977206
2024-10-06 00:00:00+00:00,62789.8814555815
2024-10-07 00:00:00+00:00,62416.508829924
2024-10-08 00:00:00+00:00,62126.3273769725
2024-10-09 00:00:00+00:00,60615.2581917008
2024-10-10 00:00:00+00:00,60221.1172869667
2024-10-11 00:00:00+00:00,62462.539962595
2024-10-12 00:00:00+00:00,63202.8806992987
2024-10-13 00:00:00+00:00,62759.431113384
2024-10-14 00:00:00+00:00,66089.7587410871
2024-10-15 00:00:00+00:00,66933.974833723
2024-10-16 00:00:00+00:00,67662.9534038574
2024-10-17 00:00:00+00:00,67337.9075482174
2024-10-18 00:00:00+00:00,68390.5375625365
2024-10-19 00:00:00+00:00,68357.8982963179
2024-10-20 00:00:00+00:00,69012.3532089421
2024-10-21 00:00:00+00:00,67440.4625058445
2024-10-22 00:00:00+00:00,67425.7553211572
2024-10-23 00:00:00+00:00,66647.2866642315
2024-10-24 00:00:00+00:00,68130.9948369374
2024-10-25 00:00:00+00:00,66261.5376861485
2024-10-26 00:00:00+00:00,67023.3399611338
2024-10-27 00:00:00+00:00,68000.1475008767
2024-10-28 00:00:00+00:00,69862.5205470485
2024-10-29 00:00:00+00:00,72678.7866201052
2024-10-30 00:00:00+00:00,72450.2843819404
2024-10-31 00:00:00+00:00,70367.0819576271
2024-11-01 00:00:00+00:00,69483.5830303916
2024-11-02 00:00:00+00:00,69241.6794865576
2024-11-03 00:00:00+00:00,68742.7546227352
2024-11-04 00:00:00+00:00,67779.0969795441
2024-11-05 00:00:00+00:00,69538.0241729982
2024-11-06 00:00:00+00:00,75696.0366192285
2024-11-07 00:00:00+00:00,75972.2955546464
2024-11-08 00:00:00+00:00,76507.4474012273
2024-11-09 00:00:00+00:00,76799.2527469316
2024-11-10 00:00:00+00:00,80409.2865666277
2024-11-11 00:00:00+00:00,88859.998448568
2024-11-12 00:00:00+00:00,88048.7488877849
2024-11-13 00:00:00+00:00,90369.3819693162
2024-11-14 00:00:00+00:00,87204.2569827586
2024-11-15 00:00:00+00:00,91139.0844427236
2024-11-16 00:00:00+00:00,90567.6957568673
2024-11-17 00:00:00+00:00,89732.9704292811
2024-11-18 00:00:00+00:00,90587.6965534775
2024-11-19 00:00:00+00:00,92254.1385800701
2024-11-20 00:00:00+00:00,94160.0406858562
2024-11-21 00:00:00+00:00,98545.5688798948
2024-11-22 00:00:00+00:00,98938.3495450029
2024-11-23 00:00:00+00:00,97707.0484590883
2024-11-24 00:00:00+00:00,97980.2082819988
2024-11-25 00:00:00+00:00,93343.0290745178
2024-11-26 00:00:00+00:00,91875.5699593805
2024-11-27 00:00:00+00:00,95989.0802273524
2024-11-28 00:00:00+00:00,95737.9402822911
2024-11-29 00:00:00+00:00,97398.9417399182
2024-11-30 00:00:00+00:00,96463.6248980129
2024-12-01 00:00:00+00:00,97469.6044529515
2024-12-02 00:00:00+00:00,95726.4417258913
2024-12-03 00:00:00+00:00,96010.8774228521
2024-12-04 00:00:00+00:00,98920.2528255406
2024-12-05 00:00:00+00:00,96949.6644117475
2024-12-06 00:00:00+00:00,99953.1056580947
2024-12-07 00:00:00+00:00,99977.7002282291
2024-12-08 00:00:00+00:00,100798.98356429
2024-12-09 00:00:00+00:00,97390.1988597311
2024-12-10 00:00:00+00:00,96835.5017387493
2024-12-11 00:00:00+00:00,101310.201899766
2024-12-12 00:00:00+00:00,100090.890479544
2024-12-13 00:00:00+00:00,101289.823976914
2024-12-14 00:00:00+00:00,101366.87166803
2024-12-15 00:00:00+00:00,104551.367141146
2024-12-16 00:00:00+00:00,105855.672229982
2024-12-17 00:00:00+00:00,106115.910582992
2024-12-18 00:00:00+00:00,100469.770656926
2024-12-19 00:00:00+00:00,97697.045779661
2024-12-20 00:00:00+00:00,97617.4422051432
2024-12-21 00:00:00+00:00,97093.0190832846
2024-12-22 00:00:00+00:00,95149.1058252484
2024-12-23 00:00:00+00:00,94800.7562060199
2024-12-24 00:00:00+00:00,98637.7330543542
2024-12-25 00:00:00+00:00,99235.3678869082
2024-12-26 00:00:00+00:00,95628.3030902981
2024-12-27 00:00:00+00:00,94219.9821461134
2024-12-28 00:00:00+00:00,95123.5811098773
2024-12-29 00:00:00+00:00,93457.5783202806
2024-12-30 00:00:00+00:00,92523.163085038
2024-12-31 00:00:00+00:00,93389.7326016949
2025-01-01 00:00:00+00:00,94455.7965718878
2025-01-02 00:00:00+00:00,96851.393682934
2025-01-03 00:00:00+00:00,98120.6846759205
2025-01-04 00:00:00+00:00,98230.0478571011
2025-01-05 00:00:00+00:00,98414.8120964348
2025-01-06 00:00:00+00:00,102179.560366745
2025-01-07 00:00:00+00:00,96974.9957857978
2025-01-08 00:00:00+00:00,95039.2809210988
2025-01-09 00:00:00+00:00,92346.1691589714
2025-01-10 00:00:00+00:00,94759.1196358854
2025-01-11 00:00:00+00:00,94606.5080099357
2025-01-12 00:00:00+00:00,94353.7752586207
2025-01-13 00:00:00+00:00,94375.7299102864
2025-01-14 00:00:00+00:00,96569.475726768
2025-01-15 00:00:00+00:00,100172.405985096
2025-01-16 00:00:00+00:00,99977.7298234951
2025-01-17 00:00:00+00:00,104296.588034191
2025-01-18 00:00:00+00:00,104398.156261251
2025-01-19 00:00:00+00:00,100954.572281999
2025-01-20 00:00:00+00:00,102588.998699006
2025-01-21 00:00:00+00:00,105987.888705435
2025-01-22 00:00:00+00:00,103791.128861485
2025-01-23 00:00:00+00:00,104184.616743717
2025-01-24 00:00:00+00:00,104716.12488194
2025-01-25 00:00:00+00:00,104866.085348919
2025-01-26 00:00:00+00:00,102833.369273232
2025-01-27 00:00:00+00:00,101907.44629661
2025-01-28 00:00:00+00:00,101138.144066043
2025-01-29 00:00:00+00:00,103918.795458796
2025-01-30 00:00:00+00:00,104987.446410871
2025-01-31 00:00:00+00:00,102263.043670953
2025-02-01 00:00:00+00:00,100610.290439801
2025-02-02 00:00:00+00:00,97424.7809000584
2025-02-03 00:00:00+00:00,101582.408702221
2025-02-04 00:00:00+00:00,97848.1497592051
2025-02-05 00:00:00+00:00,96559.3327562829
2025-02-06 00:00:00+00:00,96541.3006811806
2025-02-07 00:00:00+00:00,96384.1109836353
2025-02-08 00:00:00+00:00,96603.318157218
2025-02-09 00:00:00+00:00,96309.7532405026
2025-02-10 00:00:00+00:00,97375.2253535944
2025-02-11 00:00:00+00:00,95806.2580385739
2025-02-12 00:00:00+00:00,97756.4976548802
2025-02-13 00:00:00+00:00,96534.7406332554
2025-02-14 00:00:00+00:00,97414.3589821742
2025-02-15 00:00:00+00:00,97583.2431767972
2025-02-16 00:00:00+00:00,96182.2661706604
2025-02-17 00:00:00+00:00,95790.5109985389
2025-02-18 00:00:00+00:00,95444.031886616
2025-02-19 00:00:00+00:00,96647.9132977791
2025-02-20 00:00:00+00:00,98392.2197247224
2025-02-21 00:00:00+00:00,96048.9937247224
2025-02-22 00:00:00+00:00,96605.7091057861
2025-02-23 00:00:00+00:00,96091.6329774985
2025-02-24 00:00:00+00:00,91869.6543430742
2025-02-25 00:00:00+00:00,88769.7356265342
2025-02-26 00:00:00+00:00,83987.89564173
2025-02-27 00:00:00+00:00,84625.4191364699
2025-02-28 00:00:00+00:00,84243.7779114553
2025-03-01 00:00:00+00:00,85844.3685628288
2025-03-02 00:00:00+00:00,94328.0094444769
2025-03-03 00:00:00+00:00,86315.9305511397
2025-03-04 00:00:00+00:00,87323.690650789
2025-03-05 00:00:00+00:00,90619.4090976038
2025-03-06 00:00:00+00:00,90222.0693275862
2025-03-07 00:00:00+00:00,86553.5921937464
2025-03-08 00:00:00+00:00,86171.2789362946
2025-03-09 00:00:00+00:00,80647.7964108709
2025-03-10 00:00:00+00:00,79005.9601291642
2025-03-11 00:00:00+00:00,82747.1601917008
2025-03-12 00:00:00+00:00,83630.1581101695
2025-03-13 00:00:00+00:00,81110.2890490941
2025-03-14 00:00:00+00:00,84105.8335517241
2025-03-15 00:00:00+00:00,84352.8773018703
2025-03-16 00:00:00+00:00,82492.1028287551
2025-03-17 00:00:00+00:00,84013.947518118
2025-03-18 00:00:00+00:00,82680.8065514319
2025-03-19 00:00:00+00:00,86774.23507218
2025-03-20 00:00:00+00:00,84124.9712878434
2025-03-21 00:00:00+00:00,84069.4081800117
2025-03-22 00:00:00+00:00,83821.220305377
2025-03-23 00:00:00+00:00,85760.8814506137
2025-03-24 00:00:00+00:00,87322.5718568089
2025-03-25 00:00:00+00:00,87422.8426084161
2025-03-26 00:00:00+00:00,86836.6760955582
2025-03-27 00:00:00+00:00,87211.3240169492
2025-03-28 00:00:00+00:00,84309.0783550555
2025-03-29 00:00:00+00:00,82497.1792472238
2025-03-30 00:00:00+00:00,82216.4666765049
2025-03-31 00:00:00+00:00,82461.4496279953
2025-04-01 00:00:00+00:00,85226.7137936879
2025-04-02 00:00:00+00:00,82555.631296318
2025-04-03 00:00:00+00:00,82931.697399474
2025-04-04 00:00:00+00:00,83774.1797375804
2025-04-05 00:00:00+00:00,83302.1715756867
2025-04-06 00:00:00+00:00,77949.0884926943
2025-04-07 00:00:00+00:00,79421.8044105786
2025-04-08 00:00:00+00:00,76351.4295303916
2025-04-09 00:00:00+00:00,82720.6034891876
2025-04-10 00:00:00+00:00,79558.9558252484
2025-04-11 00:00:00+00:00,83359.8995157802
2025-04-12 00:00:00+00:00,85269.2495119813
2025-04-13 00:00:00+00:00,83568.9544360023
2025-04-14 00:00:00+00:00,84589.0324135009
2025-04-15 00:00:00+00:00,83671.3439713618
2025-04-16 00:00:00+00:00,84151.5357562829
2025-04-17 00:00:00+00:00,84940.5838538866
2025-04-18 00:00:00+00:00,84434.7727463472
2025-04-19 00:00:00+00:00,85124.721496201
2025-04-20 00:00:00+00:00,85101.7461545879
2025-04-21 00:00:00+00:00,87360.7198933372
2025-04-22 00:00:00+00:00,93495.6106890707
2025-04-23 00:00:00+00:00,93695.7404772063
2025-04-24 00:00:00+00:00,93849.8817790766
2025-04-25 00:00:00+00:00,94771.4128007014
2025-04-26 00:00:00+00:00,94694.5111014027
2025-04-27 00:00:00+00:00,93812.876534775
2025-04-28 00:00:00+00:00,95066.0211867329
2025-04-29 00:00:00+00:00,94102.8403024547
2025-04-30 00:00:00+00:00,94236.7325143191
2025-05-01 00:00:00+00:00,96411.7422635885
2025-05-02 00:00:00+00:00,96842.1021057861
2025-05-03 00:00:00+00:00,95943.61135301
2025-05-04 00:00:00+00:00,94377.7899196376
2025-05-05 00:00:00+00:00,94853.7298594389
2025-05-06 00:00:00+00:00,96677.9245029223
2025-05-07 00:00:00+00:00,97137.3757086499
2025-05-08 00:00:00+00:00,103069.539295733
2025-05-09 00:00:00+00:00,102940.802949445
2025-05-10 00:00:00+00:00,104582.821806254
2025-05-11 00:00:00+00:00,103976.137798948
2025-05-12 00:00:00+00:00,102920.074689071
2025-05-13 00:00:00+00:00,104145.711825248
2025-05-14 00:00:00+00:00,103572.719642022
2025-05-15 00:00:00+00:00,103716.283947399
2025-05-16 00:00:00+00:00,103566.269191116
2025-05-17 00:00:00+00:00,103190.041364991
2025-05-18 00:00:00+00:00,106015.689848919
2025-05-19 00:00:00+00:00,105615.828960257
2025-05-20 00:00:00+00:00,106893.330247516
2025-05-21 00:00:00+00:00,109704.855619521
2025-05-22 00:00:00+00:00,111477.014787843
2025-05-23 00:00:00+00:00,107291.888969901
2025-05-24 00:00:00+00:00,107917.328289304
2025-05-25 00:00:00+00:00,108914.876558445
2025-05-26 00:00:00+00:00,109371.985172122
2025-05-27 00:00:00+00:00,109066.345636762
2025-05-28 00:00:00+00:00,107895.402399474
2025-05-29 00:00:00+00:00,105732.957892168
2025-05-30 00:00:00+00:00,103981.302957919
2025-05-31 00:00:00+00:00,104708.964150205
2025-06-01 00:00:00+00:00,105750.15972443
2025-06-02 00:00:00+00:00,105899.696926651
2025-06-03 00:00:00+00:00,105483.98555114
2025-06-04 00:00:00+00:00,104782.844900351
2025-06-05 00:00:00+00:00,101669.190496785
2025-06-06 00:00:00+00:00,104421.051549094
2025-06-07 00:00:00+00:00,105685.250402104
2025-06-08 00:00:00+00:00,105727.739632379
2025-06-09 00:00:00+00:00,110198.15871391
2025-06-10 00:00:00+00:00,110074.119081824
2025-06-11 00:00:00+00:00,108645.785558153
2025-06-12 00:00:00+00:00,105998.985830801
2025-06-13 00:00:00+00:00,106024.822087376
2025-06-14 00:00:00+00:00,105467.108742256
2025-06-15 00:00:00+00:00,105512.797437756
2025-06-16 00:00:00+00:00,107243.933345997
2025-06-17 00:00:00+00:00,104628.396527469
2025-06-18 00:00:00+00:00,104813.367028638
2025-06-19 00:00:00+00:00,104709.720767095
2025-06-20 00:00:00+00:00,103274.958839567
2025-06-21 00:00:00+00:00,101548.196381648
2025-06-22 00:00:00+00:00,100899.234151958
2025-06-23 00:00:00+00:00,105496.947495324
2025-06-24 00:00:00+00:00,105964.065136762
2025-06-25 00:00:00+00:00,107305.065199591
2025-06-26 00:00:00+00:00,107012.822824079
2025-06-27 00:00:00+00:00,107090.95905114
2025-06-28 00:00:00+00:00,107357.617171245
2025-06-29 00:00:00+00:00,108360.901696376
2025-06-30 00:00:00+00:00,107153.101135885
2025-07-01 00:00:00+00:00,105566.356597896
2025-07-02 00:00:00+00:00,108927.13451841
2025-07-03 00:00:00+00:00,109632.159126826
2025-07-04 00:00:00+00:00,108081.395758621
2025-07-05 00:00:00+00:00,108244.788813852
2025-07-06 00:00:00+00:00,109180.005545587
2025-07-07 00:00:00+00:00,108249.401004091
2025-07-08 00:00:00+00:00,108956.631703098
2025-07-09 00:00:00+00:00,111416.806720047
2025-07-10 00:00:00+00:00,115873.903783752
2025-07-11 00:00:00+00:00,117618.605087084
2025-07-12 00:00:00+00:00,117382.372540912
2025-07-13 00:00:00+00:00,118899.737107832
2025-07-14 00:00:00+00:00,119871.096197838
2025-07-15 00:00:00+00:00,117710.89100789
2025-07-16 00:00:00+00:00,118730.187791642
2025-07-17 00:00:00+00:00,119501.663770894
2025-07-18 00:00:00+00:00,117958.511213033
2025-07-19 00:00:00+00:00,117908.52473232
2025-07-20 00:00:00+00:00,117305.680953828
2025-07-21 00:00:00+00:00,117432.435634717
2025-07-22 00:00:00+00:00,120068.00578872
2025-07-23 00:00:00+00:00,118650.587165693
2025-07-24 00:00:00+00:00,118377.081936879
2025-07-25 00:00:00+00:00,117520.17335038
2025-07-26 00:00:00+00:00,117983.204598773
2025-07-27 00:00:00+00:00,119438.164235535
2025-07-28 00:00:00+00:00,118022.637320281
2025-07-29 00:00:00+00:00,117871.370895383
2025-07-30 00:00:00+00:00,117732.643660725
2025-07-31 00:00:00+00:00,115848.339985096
2025-08-01 00:00:00+00:00,113282.144336061
2025-08-02 00:00:00+00:00,112545.673659264
2025-08-03 00:00:00+00:00,114263.693947691
2025-08-04 00:00:00+00:00,115199.933659264
2025-08-05 00:00:00+00:00,114111.36101841
2025-08-06 00:00:00+00:00,115034.678748977
2025-08-07 00:00:00+00:00,117444.913924313
2025-08-08 00:00:00+00:00,116740.687720923
2025-08-09 00:00:00+00:00,116511.655739375
2025-08-10 00:00:00+00:00,119189.198160275
2025-08-11 00:00:00+00:00,118742.043048644
2025-08-12 00:00:00+00:00,120154.32493507
2025-08-13 00:00:00+00:00,123442.67982225
2025-08-14 00:00:00+00:00,118510.27128083
2025-08-15 00:00:00+00:00,117311.209947715
2025-08-16 00:00:00+00:00,117462.42684623
2025-08-17 00:00:00+00:00,117601.952231888
2025-08-18 00:00:00+00:00,116312.914397989
2025-08-19 00:00:00+00:00,112886.10147543
2025-08-20 00:00:00+00:00,114277.320860316
2025-08-21 00:00:00+00:00,112347.102298302
2025-08-22 00:00:00+00:00,116800.977035073
2025-08-23 00:00:00+00:00,115280.444723834
2025-08-24 00:00:00+00:00,113516.122474401
2025-08-25 00:00:00+00:00,110089.533314144
2025-08-26 00:00:00+00:00,111895.295495307
2025-08-27 00:00:00+00:00,111252.307236061
2025-08-28 00:00:00+00:00,112481.152904109
2025-08-29 00:00:00+00:00,108473.330441642
2025-08-30 00:00:00+00:00,108746.150824851
2025-08-31 00:00:00+00:00,108316.44689481
2025-09-01 00:00:00+00:00,108992.324614863
2025-09-02 00:00:00+00:00,111140.947159836
2025-09-03 00:00:00+00:00,111780.743587376
2025-09-04 00:00:00+00:00,110900.633412981
2025-09-05 00:00:00+00:00,110711.229484804
2025-09-06 00:00:00+00:00,110243.650741672
2025-09-07 00:00:00+00:00,111307.784421087
2025-09-08 00:00:00+00:00,112112.311575102
2025-09-09 00:00:00+00:00,111486.396779836
2025-09-10 00:00:00+00:00,113930.748423437
2025-09-11 00:00:00+00:00,115445.812932648
2025-09-12 00:00:00+00:00,116149.174031958
2025-09-13 00:00:00+00:00,115965.627551268
2025-09-14 00:00:00+00:00,115395.933423437
2025-09-15 00:00:00+00:00,115420.931814144
2025-09-16 00:00:00+00:00,116798.867050906
2025-09-17 00:00:00+00:00,116575.777628866
2025-09-18 00:00:00+00:00,117014.426762174
2025-09-19 00:00:00+00:00,115612.372541695
2025-09-20 00:00:00+00:00,115753.165960549
2025-09-21 00:00:00+00:00,115320.858829047
2025-09-22 00:00:00+00:00,112727.70773813
2025-09-23 00:00:00+00:00,112052.393282022
2025-09-24 00:00:00+00:00,113324.623592192
2025-09-25 00:00:00+00:00,109166.347974874
2025-09-26 00:00:00+00:00,109669.102166861
2025-09-27 00:00:00+00:00,109644.73069287
2025-09-28 00:00:00+00:00,112170.00778609
2025-09-29 00:00:00+00:00,114341.141435418
2025-09-30 00:00:00+00:00,113971.742796902
2025-10-01 00:00:00+00:00,118393.270386324
2025-10-02 00:00:00+00:00,120558.594007013
2025-10-03 00:00:00+00:00,122348.127640269
2025-10-04 00:00:00+00:00,122379.744317651
2025-10-05 00:00:00+00:00,123523.768313852
2025-10-06 00:00:00+00:00,124824.453666861
2025-10-07 00:00:00+00:00,121587.699236704
2025-10-08 00:00:00+00:00,123390.353094682
2025-10-09 00:00:00+00:00,121603.33278609
2025-10-10 00:00:00+00:00,113754.852328171
2025-10-11 00:00:00+00:00,110940.113648159
2025-10-12 00:00:00+00:00,115152.917045003
2025-10-13 00:00:00+00:00,115332.252929573
2025-10-14 00:00:00+00:00,113327.079410286
2025-10-15 00:00:00+00:00,110862.872485389
2025-10-16 00:00:00+00:00,108135.049605786
2025-10-17 00:00:00+00:00,106625.668651373
2025-10-18 00:00:00+00:00,107143.913935126
2025-10-19 00:00:00+00:00,108706.663763881
2025-10-20 00:00:00+00:00,110640.249515488
2025-10-21 00:00:00+00:00,108700.382071888
2025-10-22 00:00:00+00:00,107667.630188486
2025-10-23 00:00:00+00:00,110060.936797195
2025-10-24 00:00:00+00:00,111024.94314699
2025-10-25 00:00:00+00:00,111614.535857686
2025-10-26 00:00:00+00:00,114557.100460549
2025-10-27 00:00:00+00:00,114087.773805085
2025-10-28 00:00:00+00:00,112980.685846289
2025-10-29 00:00:00+00:00,110206.347983051
2025-10-30 00:00:00+00:00,108019.723841905
2025-10-31 00:00:00+00:00,109554.239627703
2025-11-01 00:00:00+00:00,110005.295855348
2025-11-02 00:00:00+00:00,110389.168627119
2025-11-03 00:00:00+00:00,106495.802789889
2025-11-04 00:00:00+00:00,101349.73723232
2025-11-05 00:00:00+00:00,103915.88479135
2025-11-06 00:00:00+00:00,101241.573677966
2025-11-07 00:00:00+00:00,103428.471746932
2025-11-08 00:00:00+00:00,102335.021439217
2025-11-09 00:00:00+00:00,104685.54544097
2025-11-10 00:00:00+00:00,106082.478156926
2025-11-11 00:00:00+00:00,102974.405611631
2025-11-12 00:00:00+00:00,101682.126652835
2025-11-13 00:00:00+00:00,100035.310145237
2025-11-14 00:00:00+00:00,94502.5476025716
2025-11-15 00:00:00+00:00,95541.3158389831
2025-11-16 00:00:00+00:00,94182.3130996493
2025-11-17 00:00:00+00:00,91911.4713471654
2025-11-18 00:00:00+00:00,92836.4419111631
2025-11-19 00:00:00+00:00,91320.4811332554
2025-11-20 00:00:00+00:00,86911.2980590298
2025-11-21 00:00:00+00:00,84948.0463205727
2025-11-22 00:00:00+00:00,84775.0015452952
2025-11-23 00:00:00+00:00,86872.4546630625
2025-11-24 00:00:00+00:00,88377.6024421391
2025-11-25 00:00:00+00:00,87434.550610754
2025-11-26 00:00:00+00:00,90449.2770675044
2025-11-27 00:00:00+00:00,91336.2000452952
2025-11-28 00:00:00+00:00,90990.1266104617
2025-11-29 00:00:00+00:00,90842.0738243717
2025-11-30 00:00:00+00:00,90607.7021513735
2025-12-01 00:00:00+00:00,86504.6368156049
2025-12-02 00:00:00+00:00,91528.0245809468
2025-12-03 00:00:00+00:00,93609.0938658679
2025-12-04 00:00:00+00:00,92205.5929544126
2025-12-05 00:00:00+00:00,89279.8344634717
2025-12-06 00:00:00+00:00,89169.5570610754
2025-12-07 00:00:00+00:00,90067.847399474
2025-12-08 00:00:00+00:00,90673.1444436003
2025-12-09 00:00:00+00:00,92808.8518477498
2025-12-10 00:00:00+00:00,92102.9300917592
2025-12-11 00:00:00+00:00,92623.7198708358
2025-12-12 00:00:00+00:00,90331.6083091759
2025-12-13 00:00:00+00:00,90245.267264173
2025-12-14 00:00:00+00:00,88096.3826142607
2025-12-15 00:00:00+00:00,86352.5802565751
2025-12-16 00:00:00+00:00,87752.4290336061
2025-12-17 00:00:00+00:00,86059.5522241379
2025-12-18 00:00:00+00:00,85434.1928673291
2025-12-19 00:00:00+00:00,88168.0738325541
2025-12-20 00:00:00+00:00,88292.4536373466
2025-12-21 00:00:00+00:00,88533.4309830508
2025-12-22 00:00:00+00:00,88474.4622331969
2025-12-23 00:00:00+00:00,87365.9937872589
2025-12-24 00:00:00+00:00,87625.6707895967
2025-12-25 00:00:00+00:00,87231.3047685564
2025-12-26 00:00:00+00:00,87334.8077808299
2025-12-27 00:00:00+00:00,87695.4159076564
2025-12-28 00:00:00+00:00,87747.6491548802
2025-12-29 00:00:00+00:00,87133.5103991818
2025-12-30 00:00:00+00:00,88428.4922735243
2025-12-31 00:00:00+00:00,87516.9780376972
2026-01-01 00:00:00+00:00,88684.2178474576
2026-01-02 00:00:00+00:00,89940.1801671537
2026-01-03 00:00:00+00:00,90598.1301832262
2026-01-04 00:00:00+00:00,91359.7636823495
2026-01-05 00:00:00+00:00,93948.5821794272
2026-01-06 00:00:00+00:00,93574.2871122151
2026-01-07 00:00:00+00:00,91208.9562606663
2026-01-08 00:00:00+00:00,91096.9161554647
2026-01-09 00:00:00+00:00,90539.6032288136
2026-01-10 00:00:00+00:00,90406.1424114553
2026-01-11 00:00:00+00:00,90717.2063153127
2026-01-12 00:00:00+00:00,91141.1498489188
2026-01-13 00:00:00+00:00,95304.4982942724
2026-01-14 00:00:00+00:00,97043.9927258913
2026-01-15 00:00:00+00:00,95546.1397381648
2026-01-16 00:00:00+00:00,95489.1299602572
2026-01-17 00:00:00+00:00,95106.980462595
2026-01-18 00:00:00+00:00,94261.3294313267
2026-01-19 00:00:00+00:00,92526.2419643483
2026-01-20 00:00:00+00:00,88236.5631922852
2026-01-21 00:00:00+00:00,89599.361874927
2026-01-22 00:00:00+00:00,89395.700735827
2026-01-23 00:00:00+00:00,89439.7718909994
2026-01-24 00:00:00+00:00,89185.0386990064
2026-01-25 00:00:00+00:00,86445.6705926359
2026-01-26 00:00:00+00:00,88337.4545511397
2026-01-27 00:00:00+00:00,89260.3805397429
2026-01-28 00:00:00+00:00,89177.7892507306
2026-01-29 00:00:00+00:00,84520.3973106371
2026-01-30 00:00:00+00:00,84017.0340292227
2026-01-31 00:00:00+00:00,78702.38550263
2026-02-01 00:00:00+00:00,76911.0523772648
2026-02-02 00:00:00+00:00,78716.6018088837
2026-02-03 00:00:00+00:00,75684.7660277616
2026-02-04 00:00:00+00:00,73095.1914646406
2026-02-05 00:00:00+00:00,63494.6884456458
2026-02-06 00:00:00+00:00,70647.6982188778
2026-02-07 00:00:00+00:00,69166.2594424313
2026-02-08 00:00:00+00:00,70522.5892393337
2026-02-09 00:00:00+00:00,70244.1017773232
2026-02-10 00:00:00+00:00,68688.793113384
2026-02-11 00:00:00+00:00,66989.7165920514
2026-02-12 00:00:00+00:00,66221.5443115137
2026-02-13 00:00:00+00:00,68860.8411633548
2026-02-14 00:00:00+00:00,69798.0791253653
2026-02-15 00:00:00+00:00,68629.9599760374
2026-02-16 00:00:00+00:00,68747.4380286383
2026-02-17 00:00:00+00:00,67471.0508465809
2026-02-18 00:00:00+00:00,66380.7069611339
2026-02-19 00:00:00+00:00,66932.3522118644
2026-02-20 00:00:00+00:00,67977.3092612507
2026-02-21 00:00:00+00:00,68020.6677612507
2026-02-22 00:00:00+00:00,67550.0240768556
2026-02-23 00:00:00+00:00,64689.9123308007
2026-02-24 00:00:00+00:00,64123.7510780245
2026-02-25 00:00:00+00:00,68038.5221794272
2026-02-26 00:00:00+00:00,67519.2645292227
2026-02-27 00:00:00+00:00,65864.1358170661
2026-02-28 00:00:00+00:00,66965.6353091759
2026-03-01 00:00:00+00:00,65733.5212597896
2026-03-02 00:00:00+00:00,68922.6242974869
2026-03-03 00:00:00+00:00,68431.1740306838
2026-03-04 00:00:00+00:00,72667.4630575687
2026-03-05 00:00:00+00:00,70987.427176505
2026-03-06 00:00:00+00:00,68226.7053927528
2026-03-07 00:00:00+00:00,67315.5529135009
2026-03-08 00:00:00+00:00,66202.6978731736
2026-03-09 00:00:00+00:00,68528.5384699007
2026-03-10 00:00:00+00:00,69891.8238576856
2026-03-11 00:00:00+00:00,70298.5753530099
2026-03-12 00:00:00+00:00,70538.1074623027
2026-03-13 00:00:00+00:00,70930.0132793688
2026-03-14 00:00:00+00:00,71136.2179199299
2026-03-15 00:00:00+00:00,72712.1461957919
2026-03-16 00:00:00+00:00,74723.9575534775
2026-03-17 00:00:00+00:00,74086.013609585
2026-03-18 00:00:00+00:00,71253.9579275278
2026-03-19 00:00:00+00:00,69948.9048267095
2026-03-20 00:00:00+00:00,70510.4196797194
2026-03-21 00:00:00+00:00,69707.285009059
2026-03-22 00:00:00+00:00,68018.1534815897
2026-03-23 00:00:00+00:00,70726.2110461718
2026-03-24 00:00:00+00:00,70610.0187121566
2026-03-25 00:00:00+00:00,71281.2973921683
2026-03-26 00:00:00+00:00,68722.9718366452
2026-03-27 00:00:00+00:00,66214.1715134424
2026-03-28 00:00:00+00:00,66351.0725251315
2026-03-29 00:00:00+00:00,65966.7523939217
2026-03-30 00:00:00+00:00,66651.2320037989
2026-03-31 00:00:00+00:00,68214.8680388662
2026-04-01 00:00:00+00:00,68116.8167933957
2026-04-02 00:00:00+00:00,66908.3179918177
2026-04-03 00:00:00+00:00,66891.7422279369
2026-04-04 00:00:00+00:00,67295.1309137931
2026-04-05 00:00:00+00:00,68921.8060911748
2026-04-06 00:00:00+00:00,68742.9133085915
2026-04-07 00:00:00+00:00,72057.1243614845
2026-04-08 00:00:00+00:00,71085.0583702513
2026-04-09 00:00:00+00:00,71788.6797825833
2026-04-10 00:00:00+00:00,72945.0707241379
2026-04-11 00:00:00+00:00,73119.1091168907
2026-04-12 00:00:00+00:00,70685.3697019287
2026-04-13 00:00:00+00:00,74632.7455856224
2026-04-14 00:00:00+00:00,74173.5083603156
2026-04-15 00:00:00+00:00,74761.964654588
2026-04-16 00:00:00+00:00,75095.7442159556
2026-04-17 00:00:00+00:00,77114.481438048
2026-04-18 00:00:00+00:00,75792.0637510228
2026-04-19 00:00:00+00:00,73905.2041016949
2026-04-20 00:00:00+00:00,75814.1453237873
2026-04-21 00:00:00+00:00,76107.4432977791
2026-04-22 00:00:00+00:00,78317.7422720631
2026-04-23 00:00:00+00:00,78233.6837492694
2026-04-24 00:00:00+00:00,77444.269277031
2026-04-25 00:00:00+00:00,77624.7114821742
2026-04-26 00:00:00+00:00,78538.7733573933
2026-04-27 00:00:00+00:00,77256.297159848
2026-04-28 00:00:00+00:00,76295.531117183
2026-04-29 00:00:00+00:00,75795.0098530099
2026-04-30 00:00:00+00:00,76299.6161285798
2026-05-01 00:00:00+00:00,78132.6437852133
2026-05-02 00:00:00+00:00,78712.5387317358
2026-05-03 00:00:00+00:00,78649.1732893045
2026-05-04 00:00:00+00:00,79826.107817066
2026-05-05 00:00:00+00:00,80936.7548252484
2026-05-06 00:00:00+00:00,81364.6201285798
2026-05-07 00:00:00+00:00,79988.9987343659
2026-05-08 00:00:00+00:00,80179.6922957335
2026-05-09 00:00:00+00:00,80663.6296519579
2026-05-10 00:00:00+00:00,82256.781137931
2026-05-11 00:00:00+00:00,81714.7420499708
2026-05-12 00:00:00+00:00,80525.563024547
2026-05-13 00:00:00+00:00,79291.9110017534
2026-05-14 00:00:00+00:00,81175.8271116306
2026-05-15 00:00:00+00:00,79063.4145756868
2026-05-16 00:00:00+00:00,78164.4952711864
2026-05-17 00:00:00+00:00,77497.697113384
2026-05-18 00:00:00+00:00,77497.697113384
2026-05-19 00:00:00+00:00,76975.9111998831
2026-05-20 00:00:00+00:00,76807.460956166
2026-05-21 00:00:00+00:00,77408.1722089421
2026-05-22 00:00:00+00:00,77595.3861717446
2026-05-23 00:00:00+00:00,75567.5430431093
2026-05-24 00:00:00+00:00,76619.8666090415
